p_1,p_2,p_3,e_1,e_2,e_3,vb_1,vb_2,vb_3,wb_1,wb_2,wb_3,rb_series_1,rb_series_2,rb_series_3,rb_dot_1,rb_dot_2,rb_dot_3,Fl_series,Fr_series,rb_dot_dot_1,rb_dot_dot_2,rb_dot_dot_3
-0.282639764952309,-1.68600374400681,-1.65128994064672,0.0023280719702802,0.128914580652372,0.565953692404197,0.433539004429929,0.0131528869091143,0.128935647054869,0.0130163473743128,-0.0540672403565674,-0.0443370281418103,0.0747,0.0006,0.238,0,0,0,0.02009,0.02009,0,0,0
-0.276022486670797,-1.68238751868328,-1.64952342714422,0.0021874599063878,0.128867766230868,0.565698021583729,0.435927760152121,0.0108580163599144,0.129705757184632,0.0119194990579236,-0.0527186170668023,-0.0448246791546434,0.0747,0.0006,0.238,0,0,0,0.02009,0.02009,0,0,0
-0.269385952833975,-1.67875413156903,-1.6477809683746,0.0020640956345424,0.128796035975261,0.565416955944684,0.438219876132473,0.0085286291743224,0.130528323388394,0.0108591497634811,-0.0512867385658198,-0.0450632136115057,0.0747,0.0006,0.238,0,0,0,0.02009,0.02009,0,0,0
-0.262706611724136,-1.67511418383407,-1.64604183640543,0.001920293689946,0.12874016752643,0.565176066154471,0.440444658804041,0.006188203515684,0.131396687194087,0.0098463514070946,-0.0497719311441818,-0.0450785561279826,0.0747,0.0006,0.238,0,0,0,0.02009,0.02009,0,0,0
-0.255999158203189,-1.67146077699326,-1.64431623912543,0.0017964176429166,0.128688816946379,0.564939213332612,0.442599058300524,0.0038222980082144,0.132299470844281,0.0088753398055246,-0.0481951407082953,-0.0448637019452685,0.0747,0.0006,0.238,0,0,0,0.02009,0.02009,0,0,0
-0.249253372139178,-1.66780049621054,-1.64263323209953,0.0017423758583742,0.1285816657354,0.564738258182656,0.444702794787656,0.0014469147463646,0.1332298685375,0.0079515377430442,-0.0465602639001155,-0.0444358156984065,0.0747,0.0006,0.238,0,0,0,0.02009,0.02009,0,0,0
-0.242487349880631,-1.66412371843658,-1.6409698918199,0.0017115259832416,0.128461093663063,0.56451851845055,0.446771497003791,-0.0009205441817906,0.134182847242904,0.0070808022043944,-0.0448693317161317,-0.0438134584492222,0.0747,0.0006,0.238,0,0,0,0.02009,0.02009,0,0,0
-0.235691141609411,-1.66043201605065,-1.63928909236326,0.0016130104061483,0.128392199650741,0.564298379152859,0.448802160339749,-0.0032838678333159,0.135153280827253,0.0062604726285521,-0.0431400479269268,-0.0429954569175252,0.0747,0.0006,0.238,0,0,0,0.02009,0.02009,0,0,0
-0.228867974519929,-1.6567280612268,-1.63765026843207,0.0015965943577411,0.128270730405398,0.564084887328604,0.450804677688855,-0.0056322618562261,0.136135948930897,0.0054926394394616,-0.0413770233619432,-0.0419943868734798,0.0747,0.0006,0.238,0,0,0,0.02009,0.02009,0,0,0
-0.222000195666284,-1.65301779904105,-1.63599621094078,0.0015173674778773,0.128200751956863,0.563916584628435,0.452790048405913,-0.0079506059225139,0.137122426216586,0.0047851871620255,-0.0395874036580152,-0.0408243082696318,0.0747,0.0006,0.238,0,0,0,0.02009,0.02009,0,0,0
-0.215108762194235,-1.64929241274705,-1.63437477411773,0.0014946188296327,0.128090741040614,0.563747119915891,0.45476667631899,-0.010226447128131,0.13810618732322,0.0041407764306725,-0.037774655330052,-0.0394969031345274,0.0747,0.0006,0.238,0,0,0,0.02009,0.02009,0,0,0
-0.20818650465003,-1.64555451290198,-1.63277116109266,0.0014996289851587,0.127966466842809,0.563590251323309,0.456734847354199,-0.0124578398969376,0.139081782272229,0.0035588897965089,-0.0359476363120036,-0.0380184409684897,0.0747,0.0006,0.238,0,0,0,0.02009,0.02009,0,0,0
-0.201245924711238,-1.64179804704734,-1.63119892293947,0.0015573343915624,0.127802440392308,0.56341159697273,0.458696616935511,-0.0146387757124277,0.140045212045562,0.0030386040088852,-0.0341143084094474,-0.0363944811996802,0.0747,0.0006,0.238,0,0,0,0.02009,0.02009,0,0,0
-0.194278699590253,-1.63802730246453,-1.62962777278113,0.0015965725787916,0.127654897095711,0.563230925598927,0.460656525400955,-0.0167612980877858,0.140988499466366,0.002584135135771,-0.0322801066845954,-0.0346352547517983,0.0747,0.0006,0.238,0,0,0,0.02009,0.02009,0,0,0
-0.187278653181018,-1.63424406636236,-1.6280690092979,0.0016479222410621,0.127506225007638,0.563067259047894,0.46261552438282,-0.0188198276189851,0.141906332309362,0.0021960026573736,-0.0304528712284158,-0.0327479369910773,0.0747,0.0006,0.238,0,0,0,0.02009,0.02009,0,0,0
-0.180248611313747,-1.630448552375,-1.62651161048546,0.0016896961126339,0.127377799824545,0.562912773397448,0.464575115384836,-0.0208077998713293,0.142793521157978,0.0018757118590129,-0.0286409277090753,-0.0307388220662485,0.0747,0.0006,0.238,0,0,0,0.02009,0.02009,0,0,0
-0.173178576629013,-1.62664349481292,-1.62495302899366,0.0017099752582069,0.127272905486488,0.562795105749166,0.466537498484023,-0.0227166414064059,0.143642927461929,0.0016267178866066,-0.0268513320041013,-0.0286173077705551,0.0747,0.0006,0.238,0,0,0,0.02009,0.02009,0,0,0
-0.166083316942838,-1.62282327495982,-1.62341450292335,0.0017596669004364,0.127149555933951,0.562678713605719,0.468503600798294,-0.0245395453750576,0.144449927790012,0.0014488521554896,-0.0250906130478877,-0.0263895960958168,0.0747,0.0006,0.238,0,0,0,0.02009,0.02009,0,0,0
-0.158956833777395,-1.61898944270033,-1.62187391735449,0.0017801506312885,0.127048685634771,0.562574338723107,0.470473484030345,-0.0262715106165783,0.145209971816067,0.0013435453720841,-0.0233661378995962,-0.0240623516653475,0.0747,0.0006,0.238,0,0,0,0.02009,0.02009,0,0,0
-0.151803428057362,-1.61514082992947,-1.62035097487165,0.001835425540763,0.126933824907225,0.562472332046687,0.472447891075646,-0.0279059425277375,0.145918574677532,0.0013103685906189,-0.0216839360482116,-0.021641360783145,0.0747,0.0006,0.238,0,0,0,0.02009,0.02009,0,0,0
-0.144620231906757,-1.61127933615401,-1.6188458175435,0.001920007675084,0.126805858434859,0.562382872606694,0.474426942474078,-0.0294389040957308,0.14657097476093,0.0013500116543392,-0.0200504448004613,-0.0191329214847121,0.0747,0.0006,0.238,0,0,0,0.02009,0.02009,0,0,0
-0.137409907026256,-1.6074036624084,-1.61735295076728,0.0020166812831598,0.126670858362483,0.562298537698509,0.476410782729989,-0.0308651653858704,0.14716344509446,0.0014619317945504,-0.0184712672495225,-0.0165428762402084,0.0747,0.0006,0.238,0,0,0,0.02009,0.02009,0,0,0
-0.130175534374412,-1.60351001046707,-1.6158653165719,0.0021061122396856,0.126542310944717,0.562207321501236,0.478399973369923,-0.0321790683370188,0.147690881782508,0.0016483226778628,-0.0169532246185353,-0.0138770196714491,0.0747,0.0006,0.238,0,0,0,0.02009,0.02009,0,0,0
-0.122913780386072,-1.59960064183674,-1.61439209174541,0.0022205124928275,0.126406503878481,0.5621191993059,0.480394685130954,-0.0333752928738443,0.14814982126597,0.0020361955971557,-0.015507120140059,-0.0121399638374655,0.0747,0.0006,0.238,0,0,0,0.02009,0.02009,0,0,0
-0.115626685847635,-1.59567669712335,-1.61293258600646,0.0023532038151022,0.126262432957876,0.562031978040568,0.482394901963892,-0.0344492420788282,0.148536913158278,0.0025147348908256,-0.0141335531181989,-0.0104650133610255,0.0747,0.0006,0.238,0,0,0,0.02009,0.02009,0,0,0
-0.108311992407581,-1.59173611534785,-1.61147578034484,0.002476678614599,0.126130585802287,0.561947970879635,0.484401020379891,-0.035395344035506,0.14884764952036,0.0030847803701663,-0.0128381549769471,-0.0088570734647963,0.0747,0.0006,0.238,0,0,0,0.02009,0.02009,0,0,0
-0.100961721779968,-1.58778493899649,-1.61002195086456,0.0025938632352877,0.126012274183841,0.561892416035644,0.486413139996776,-0.036208197861135,0.149077669976467,0.0037478707472042,-0.0116271642287125,-0.0073220679394412,0.0747,0.0006,0.238,0,0,0,0.02009,0.02009,0,0,0
-0.0935863859346832,-1.5838176667734,-1.60858478163393,0.0027364417483777,0.12587889849504,0.561837761466075,0.488431233080676,-0.0368830410097779,0.149223673048539,0.0045038713555712,-0.0105053878370192,-0.0058650283874478,0.0747,0.0006,0.238,0,0,0,0.02009,0.02009,0,0,0
-0.0861880713215095,-1.57983323650974,-1.60715833650277,0.0028900926617811,0.125741007587542,0.561776729131214,0.490455326608119,-0.0374155628556976,0.149282260605444,0.0053535785380723,-0.0094781183557816,-0.0044905192208219,0.0747,0.0006,0.238,0,0,0,0.02009,0.02009,0,0,0
-0.0787553946335222,-1.57583561979089,-1.60572808187613,0.0030225003371256,0.125626492072785,0.561739277273611,0.492485293206188,-0.037800497023474,0.149249112351787,0.0062988888287518,-0.008551596139827,-0.0032045002853679,0.0747,0.0006,0.238,0,0,0,0.02009,0.02009,0,0,0
-0.0712948393301107,-1.57182414017136,-1.60431193404799,0.003174006595846,0.125502822403376,0.561711815287879,0.494521189063565,-0.038033142209142,0.149120862782098,0.0073396403187689,-0.0077302865214475,-0.0020119368707528,0.0747,0.0006,0.238,0,0,0,0.02009,0.02009,0,0,0
-0.0638129906290153,-1.56779487307353,-1.60291608866665,0.0033657001543457,0.125357746117866,0.561676003598134,0.496563053654613,-0.0381090441519442,0.148894229250451,0.0084756101081284,-0.0070185741084244,-0.0009171917436029,0.0747,0.0006,0.238,0,0,0,0.02009,0.02009,0,0,0
-0.0564499827543648,-1.56357252638738,-1.60182475783057,0.0035748251935795,0.124642111273795,0.561163537360072,0.49861054421652,-0.0380313345250382,0.148575854171789,0.0097043953073215,-0.0064012383285072,9.14794650944774e-05,0.0747,0.0006,0.238,0,0,0,0.02009,0.02009,0,0,0
-0.0488733808700914,-1.55954065589843,-1.60038282345265,0.0035784919088004,0.124617606948607,0.561191230303514,0.500663500334888,-0.0377862533507307,0.148150319843554,0.0107973775685695,-0.0059072302754202,0.0009909961061562,0.0747,0.0006,0.238,0,0,0,0.02009,0.02009,0,0,0
-0.0412900870090944,-1.55547434716981,-1.59899732360632,0.0037169693921425,0.12451526972553,0.561171711521627,0.502721962309855,-0.0373701105728087,0.147615671911756,0.0117123264314246,-0.0055384594876753,0.0017785624843687,0.0747,0.0006,0.238,0,0,0,0.02009,0.02009,0,0,0
-0.0336739676499488,-1.55139205571202,-1.59763085056302,0.0038836111616058,0.124395910247005,0.561175350680287,0.504633607002423,-0.0370181874324464,0.14695028117029,0.0124194997954503,-0.0052990271901884,0.0024492288091101,0.0747,0.0006,0.238,0,0,0,0.02009,0.02009,0,0,0
-0.0260330637982724,-1.54730327299796,-1.59629230458221,0.0041137105305164,0.124243436498655,0.561194217371013,0.506572027798845,-0.0367217068938655,0.146174152501249,0.0128421949450949,-0.0051922433174534,0.0029982695727029,0.0747,0.0006,0.238,0,0,0,0.02009,0.02009,0,0,0
-0.0183654226364717,-1.54319468182482,-1.59498241187495,0.0044102570259785,0.124061121337268,0.561222685198762,0.50850201381886,-0.0365172612109073,0.1454996620493,0.013236361367884,-0.0052214899100748,0.003421288046129,0.0747,0.0006,0.238,0,0,0,0.02009,0.02009,0,0,0
-0.0106703492606499,-1.53906839977328,-1.59365570278862,0.0046457735502634,0.1239250358946,0.561248675715428,0.51043559856259,-0.0364296801366632,0.144887107374133,0.0136542979791325,-0.0053928173049079,0.003714351112005,0.0747,0.0006,0.238,0,0,0,0.02009,0.02009,0,0,0
-0.0029438796080312,-1.53492912529914,-1.59232220388946,0.0048553987775521,0.123819556155921,0.561295114132874,0.512352914533925,-0.03638366827272,0.144271878166484,0.0141779068947663,-0.0055202200477351,0.0038718183163377,0.0747,0.0006,0.238,0,0,0,0.02009,0.02009,0,0,0
0.0048131091770154,-1.53078127828803,-1.5909894839207,0.0050620127368353,0.123731966262929,0.561358180297395,0.514266558084373,-0.0363536285562689,0.143701727990807,0.0146634265274568,-0.0057757307852786,0.0040645408271873,0.0747,0.0006,0.238,0,0,0,0.02009,0.02009,0,0,0
0.0126033458346974,-1.52661732045747,-1.58967143219891,0.0052966452398456,0.123637370457194,0.561444804601318,0.516157920086468,-0.0363345443619615,0.14315446226665,0.0151535717499975,-0.0059883574294556,0.0042475625672417,0.0747,0.0006,0.238,0,0,0,0.02009,0.02009,0,0,0
0.020419858472932,-1.52244042115525,-1.58835820350152,0.005539239167136,0.123553294971974,0.561539069237738,0.518036964463072,-0.0363169294479299,0.142671424222615,0.0155290651070824,-0.0060836555108394,0.0044265931170561,0.0747,0.0006,0.238,0,0,0,0.02009,0.02009,0,0,0
0.028261347265536,-1.5182495341512,-1.5870647205935,0.0058233705490875,0.123448774518624,0.561642494973312,0.519907001317645,-0.0363092355092039,0.14217446654195,0.0159542850219875,-0.0062106481287164,0.0046163546836136,0.0747,0.0006,0.238,0,0,0,0.02009,0.02009,0,0,0
0.0361224863138268,-1.51403851094037,-1.58577252383807,0.0060942647463384,0.123358688932859,0.561727813627212,0.52176511904154,-0.0363035352070862,0.141686227953371,0.0163839196517326,-0.0063237758607262,0.0047996945395518,0.0747,0.0006,0.238,0,0,0,0.02009,0.02009,0,0,0
0.0440070715066626,-1.50980995905988,-1.58449967929567,0.0064002474527006,0.12325015040157,0.561814905581987,0.523611753905668,-0.0363092964419401,0.141202812813363,0.0168143680725451,-0.0064293097946741,0.0049992515335345,0.0747,0.0006,0.238,0,0,0,0.02009,0.02009,0,0,0
0.051926125802957,-1.50557498524826,-1.58322990145855,0.0067101554454251,0.123154647646176,0.56193767631112,0.525450088157628,-0.0363152792850557,0.140720686911908,0.0172522064640401,-0.0065358963228199,0.0051955898847533,0.0747,0.0006,0.238,0,0,0,0.02009,0.02009,0,0,0
0.0598714879713827,-1.50132653841852,-1.58197658043681,0.0070501139241267,0.123046221438347,0.562071667379869,0.527278133129256,-0.0363143431176098,0.140276034027845,0.0176095107653253,-0.0065772731054719,0.0053722614509635,0.0747,0.0006,0.238,0,0,0,0.02009,0.02009,0,0,0
0.0678387451545453,-1.49705910512633,-1.58073044271859,0.0073838628540279,0.122940749136818,0.562196353935187,0.529095397822789,-0.03631721551114,0.139847497775136,0.0179349388917213,-0.0065911050079196,0.0055499088342548,0.0747,0.0006,0.238,0,0,0,0.02009,0.02009,0,0,0
0.0758233706325411,-1.49276884756027,-1.57949470392725,0.0077289081060308,0.122832277565572,0.562300462079097,0.530904533197005,-0.0363181963404839,0.139423468154988,0.0182531543508236,-0.006598225555025,0.0057226935798517,0.0747,0.0006,0.238,0,0,0,0.02009,0.02009,0,0,0
0.0838350793107787,-1.48846794303852,-1.57827679515832,0.0081084721323888,0.122707332580487,0.562419220030616,0.532704240325259,-0.0363246116262689,0.139017570371045,0.0185255320708526,-0.0065732508523356,0.0059033587810009,0.0747,0.0006,0.238,0,0,0,0.02009,0.02009,0,0,0
0.0918750539839278,-1.4841563139532,-1.57707483324181,0.0085129082323037,0.122572137225848,0.562556856084665,0.534493871376787,-0.0363341049244686,0.138624362415129,0.0187596165419024,-0.0065276756075077,0.0060862058318995,0.0747,0.0006,0.238,0,0,0,0.02009,0.02009,0,0,0
0.0999373009295409,-1.479827117228,-1.575874042376,0.0088906341228866,0.122448870188238,0.562690220048604,0.536275189080974,-0.0363441196286561,0.13823618994213,0.0189766974505697,-0.0064751330881629,0.0062695912678138,0.0747,0.0006,0.238,0,0,0,0.02009,0.02009,0,0,0
0.108028518457314,-1.47548018270902,-1.57467368660604,0.0092553107213154,0.122341043165541,0.562836731890933,0.538045508254895,-0.0363565299587205,0.137865579787228,0.0191492250763599,-0.0063892878564747,0.0064534350002255,0.0747,0.0006,0.238,0,0,0,0.02009,0.02009,0,0,0
0.116138426843338,-1.4711227410686,-1.57349886454896,0.009674615939974,0.122201489838236,0.562979779075179,0.539805015474849,-0.036370441503216,0.137510851867397,0.0192794537942971,-0.0062740407914672,0.0066366176207483,0.0747,0.0006,0.238,0,0,0,0.02009,0.02009,0,0,0
0.124265401541678,-1.46673810997808,-1.57231914848981,0.0100530148592659,0.122089545176548,0.563094160485654,0.541553889055747,-0.036381757507026,0.137166818355301,0.0193787068000963,-0.00614015310763,0.0068112836473853,0.0747,0.0006,0.238,0,0,0,0.02009,0.02009,0,0,0
0.132420872615059,-1.46234501929617,-1.57116392598433,0.0104646364166908,0.121944317964337,0.5632334215905,0.543291729616027,-0.036389098086267,0.136828669256747,0.0194588641241966,-0.0059979472441868,0.0069732828445496,0.0747,0.0006,0.238,0,0,0,0.02009,0.02009,0,0,0
0.140599176038491,-1.45793564302592,-1.57000918560093,0.0108651406526067,0.121817420799573,0.563372187732361,0.545018649727243,-0.0363952911222925,0.136498347174862,0.0195133755411909,-0.0058437202114319,0.0071284914227186,0.0747,0.0006,0.238,0,0,0,0.02009,0.02009,0,0,0
0.148792911454266,-1.45350993370784,-1.56888306812102,0.0113115759649791,0.121651327675952,0.563496353671261,0.546734824750091,-0.0363975881899704,0.13617890469054,0.0195338324373018,-0.0056717622891647,0.0072717863936274,0.0747,0.0006,0.238,0,0,0,0.02009,0.02009,0,0,0
0.157010357991787,-1.44906548258559,-1.56776740862534,0.0117641260256894,0.121484302302061,0.563621547643909,0.548440644705881,-0.0363986080930446,0.135864703703318,0.0195326453161668,-0.0054931151260488,0.0074089416674537,0.0747,0.0006,0.238,0,0,0,0.02009,0.02009,0,0,0
0.165247124508149,-1.44459813651913,-1.56662926330957,0.0121390968285922,0.12137512919708,0.563727113485875,0.550136101205636,-0.0363989426693243,0.135556251022659,0.0195098753559412,-0.0053075692558055,0.007541190141094,0.0747,0.0006,0.238,0,0,0,0.02009,0.02009,0,0,0
0.173508851011411,-1.44012379332443,-1.56551765213492,0.0125635037138981,0.121234478058329,0.563850894594849,0.551821078744328,-0.0363971757969981,0.13525488141807,0.019461668328239,-0.005113611547797,0.0076654624874347,0.0747,0.0006,0.238,0,0,0,0.02009,0.02009,0,0,0
0.181788981273144,-1.43562843412853,-1.56440977822506,0.0129754487299258,0.121103882665796,0.563960186749768,0.55349514691235,-0.0363935022873276,0.134957875279536,0.0193954750850828,-0.0049169916602658,0.0077816341502854,0.0747,0.0006,0.238,0,0,0,0.02009,0.02009,0,0,0
0.190092687437338,-1.43112176404262,-1.56330201205633,0.0133659681590841,0.120989181160964,0.564075060631834,0.555158342323316,-0.0363868814243965,0.134665427831627,0.0193121031517527,-0.0047182045526759,0.0078866151159582,0.0747,0.0006,0.238,0,0,0,0.02009,0.02009,0,0,0
0.198417558581253,-1.42660009592161,-1.56220917283926,0.01376652564557,0.12086174265122,0.564190167167294,0.556810552596355,-0.0363779684235737,0.134378583547456,0.0192097707386862,-0.0045159677183914,0.0079816016471124,0.0747,0.0006,0.238,0,0,0,0.02009,0.02009,0,0,0
0.206770246643323,-1.42206457415926,-1.56112177808903,0.0141631992556762,0.12074436581879,0.564323121351024,0.558451603359612,-0.0363656979407209,0.134096797420371,0.0190895873093529,-0.0043118383017793,0.0080633397863065,0.0747,0.0006,0.238,0,0,0,0.02009,0.02009,0,0,0
0.215148243182104,-1.41751860758244,-1.56002044100562,0.0145119599673901,0.120675114878961,0.564465258014037,0.560081727041378,-0.0363517293775402,0.133819559297386,0.018953181168782,-0.0041072398507719,0.008136035626967,0.0747,0.0006,0.238,0,0,0,0.02009,0.02009,0,0,0
0.223555627906391,-1.41296010991259,-1.55890184267829,0.014798247659206,0.120656953803293,0.564623286050177,0.561701046772247,-0.0363360994206149,0.13354757242261,0.0188004949504709,-0.0039019491743015,0.0081999552275432,0.0747,0.0006,0.238,0,0,0,0.02009,0.02009,0,0,0
0.231985996543819,-1.40838555742248,-1.55778787937628,0.0150739553020409,0.120648236954537,0.564785660113094,0.563309377506268,-0.0363191053198417,0.133280225248236,0.018633153662412,-0.0036974304488994,0.0082555388213795,0.0747,0.0006,0.238,0,0,0,0.02009,0.02009,0,0,0
0.240428609038466,-1.40378996523667,-1.55670010890496,0.0153861108550433,0.120606345695478,0.564924783120362,0.564906556902441,-0.036301002449964,0.133018615841407,0.0184506310378353,-0.003493194713054,0.0083026368763281,0.0747,0.0006,0.238,0,0,0,0.02009,0.02009,0,0,0
0.248899346963246,-1.39918772246769,-1.55561471499106,0.0156824943568104,0.120579190151529,0.565088873067086,0.566492677131927,-0.0362820583260932,0.132763356310707,0.0182520248805629,-0.0032884528170579,0.0083421556911214,0.0747,0.0006,0.238,0,0,0,0.02009,0.02009,0,0,0
0.257387080857495,-1.39456321997128,-1.55452588867169,0.0159427876615837,0.120578764509132,0.565231991093845,0.568067836661002,-0.0362622784169534,0.132514130656196,0.0180390730670683,-0.0030843729278457,0.0083742210419651,0.0747,0.0006,0.238,0,0,0,0.02009,0.02009,0,0,0
0.265898858825603,-1.38992900241832,-1.5534590827065,0.0162378859508206,0.120555009806651,0.565389837923285,0.56963195189209,-0.0362415366127662,0.132271112724326,0.0178119500063419,-0.0028812929207537,0.0083988540930631,0.0747,0.0006,0.238,0,0,0,0.02009,0.02009,0,0,0
0.274432541290274,-1.38528425953599,-1.55239583474822,0.0165213109473345,0.12054102708551,0.565555593847604,0.571185168314634,-0.0362200799091981,0.132034928918214,0.0175708725065128,-0.0026792842441605,0.0084165963767716,0.0747,0.0006,0.238,0,0,0,0.02009,0.02009,0,0,0
0.282981565493614,-1.38061742273723,-1.55134434971408,0.0168019081074097,0.120519414012933,0.565704122064703,0.57272752761368,-0.0361985839363808,0.131806463768102,0.0173152868454374,-0.0024772427027695,0.0084288156390491,0.0747,0.0006,0.238,0,0,0,0.02009,0.02009,0,0,0
0.291552480303297,-1.37593927691765,-1.55030529237474,0.0170906422540046,0.120494765811069,0.565860582443653,0.574259061962061,-0.036176985254505,0.131586069546669,0.0170456992950092,-0.0022757680281768,0.0084356727316492,0.0747,0.0006,0.238,0,0,0,0.02009,0.02009,0,0,0
0.300145430672342,-1.371243528977,-1.54928050169534,0.0173811100288203,0.120458695490792,0.566019556987362,0.575779568102883,-0.0361562438589749,0.131374535984177,0.0167628520192945,-0.0020748430279747,0.0084380690246259,0.0747,0.0006,0.238,0,0,0,0.02009,0.02009,0,0,0
0.308755863228959,-1.36653227316926,-1.54825629035444,0.0176511492741681,0.120443333469971,0.566169112123525,0.577289189858,-0.0361365449032968,0.131172100957156,0.016467252563975,-0.0018747123314467,0.0084366200382321,0.0747,0.0006,0.238,0,0,0,0.02009,0.02009,0,0,0
0.317374618157543,-1.36179336636018,-1.54724374928584,0.0179147242959317,0.120423246803262,0.566277689727885,0.578788056585509,-0.0361185171058137,0.130979140033991,0.0161596583297752,-0.001675655634822,0.0084329512115521,0.0747,0.0006,0.238,0,0,0,0.02009,0.02009,0,0,0
0.326023207904879,-1.35705345311736,-1.54625035391088,0.0182095751758874,0.120380840404076,0.566424434408611,0.580277795818557,-0.0360974392196146,0.130791469938473,0.0158397782347208,-0.001477133114082,0.0084261785252144,0.0747,0.0006,0.238,0,0,0,0.02009,0.02009,0,0,0
0.334693135007683,-1.35229776080308,-1.54525802780563,0.0184833096783247,0.120353237156814,0.566572901135805,0.581756532845026,-0.0360781473932423,0.130613880351636,0.0155098915843074,-0.0012805988794788,0.0084164425703954,0.0747,0.0006,0.238,0,0,0,0.02009,0.02009,0,0,0
0.34337844330302,-1.34752998740459,-1.54427690964053,0.0187626163004788,0.120320948606661,0.566714915216565,0.583224623872043,-0.0360600198374211,0.130446334860452,0.0151702358459379,-0.0010859586766261,0.0084041931122919,0.0747,0.0006,0.238,0,0,0,0.02009,0.02009,0,0,0
0.352078842446532,-1.34274409980099,-1.54330537539361,0.0190419074831742,0.120289346962005,0.56684255591247,0.584682200638931,-0.0360434764394014,0.130289527454104,0.0148205217986967,-0.0008926446255596,0.0083905677774186,0.0747,0.0006,0.238,0,0,0,0.02009,0.02009,0,0,0
0.360803899609542,-1.3379490688717,-1.54232981616747,0.0192892240826435,0.120281790030684,0.566987282542862,0.586129378551678,-0.0360281828103016,0.130143147789638,0.0144623237388373,-0.0007014255834126,0.0083751052653868,0.0747,0.0006,0.238,0,0,0,0.02009,0.02009,0,0,0
0.369541392528402,-1.3331325135703,-1.54136606315339,0.0195392974363896,0.120269707571347,0.567107919598121,0.587566331820691,-0.0360143484221116,0.130007309484772,0.0140960834635495,-0.0005122859632026,0.0083589682808045,0.0747,0.0006,0.238,0,0,0,0.02009,0.02009,0,0,0
0.378295189384588,-1.3283045488576,-1.54041724402348,0.0198059542674033,0.12024461902878,0.567224218949933,0.588993072098737,-0.0360019872867408,0.12988313681136,0.0137214412698348,-0.0003245797301896,0.0083423295180735,0.0747,0.0006,0.238,0,0,0,0.02009,0.02009,0,0,0
0.387067009214802,-1.32345830049626,-1.53947099142505,0.0200532136525852,0.120232182355515,0.567335489638656,0.590409552269644,-0.0359917524458391,0.129771333005284,0.0133391687133127,-0.000138306242408,0.0083257870801898,0.0747,0.0006,0.238,0,0,0,0.02009,0.02009,0,0,0
0.395862830138297,-1.31860112235182,-1.53852061020228,0.0202787881559865,0.120244812016427,0.56745765517484,0.591815729123564,-0.0359836088023007,0.129671984976012,0.0129503730990081,4.600995911442e-05,0.0083091982721132,0.0747,0.0006,0.238,0,0,0,0.02009,0.02009,0,0,0
0.404672200564274,-1.31372634873164,-1.53757572703227,0.0204905280057836,0.120261398675927,0.567565149339978,0.593211707819751,-0.0359777757848453,0.129585280698063,0.0125559192472874,0.0002282529738066,0.0082931866512643,0.0747,0.0006,0.238,0,0,0,0.02009,0.02009,0,0,0
0.413503397370078,-1.30884307493262,-1.53664423725722,0.0207174626670557,0.12026593790844,0.567686372933457,0.594597411253415,-0.0359743455451529,0.129512292975775,0.01215550259628,0.0004094351380314,0.0082774904286387,0.0747,0.0006,0.238,0,0,0,0.02009,0.02009,0,0,0
0.42235120817694,-1.30394396050079,-1.535709370033,0.0209229595779405,0.120292719066906,0.567798964106663,0.595972941594014,-0.035973461943741,0.12945270855921,0.0117503980937475,0.0005887908259938,0.0082626248150287,0.0747,0.0006,0.238,0,0,0,0.02009,0.02009,0,0,0
0.431220632098143,-1.29903506692697,-1.534777157755,0.0211204030936669,0.120329147996977,0.567921629527194,0.59733839729364,-0.0359747400299165,0.129406612421398,0.0113412407187359,0.0007662677850628,0.0082486677080114,0.0747,0.0006,0.238,0,0,0,0.02009,0.02009,0,0,0
0.440108490006801,-1.29411013615638,-1.53383766617629,0.0212799409492643,0.120394759043309,0.568039654564057,0.59869389043079,-0.035978330877397,0.129374097636716,0.0109287831511171,0.0009420210516723,0.008236200255719,0.0747,0.0006,0.238,0,0,0,0.02009,0.02009,0,0,0
0.44900941503892,-1.28917004812958,-1.53291746679598,0.0214614851585007,0.120433048174223,0.568145796414436,0.6000394781558,-0.0359848151117578,0.12935619188615,0.0105123972935711,0.0011174845412691,0.0082261171744789,0.0747,0.0006,0.238,0,0,0,0.02009,0.02009,0,0,0
0.457927538337909,-1.28422043242562,-1.53201774865103,0.0216731041082267,0.120443670249064,0.568255953567985,0.601375280281308,-0.0359942735637343,0.129353751351796,0.0100913475931725,0.001293956225485,0.008218853593564,0.0747,0.0006,0.238,0,0,0,0.02009,0.02009,0,0,0
0.466864643348363,-1.27925804717233,-1.53112390200771,0.0218839401160329,0.120454392985614,0.568365933390021,0.602701231219279,-0.0360064392274398,0.129366895770432,0.0096660406179287,0.0014715585647167,0.0082142576107307,0.0747,0.0006,0.238,0,0,0,0.02009,0.02009,0,0,0
0.475825505070912,-1.27429083887448,-1.53021681341159,0.0220433234711586,0.120499225593431,0.56849393945982,0.604017541273078,-0.0360211631942207,0.12939543305575,0.0092378950639803,0.0016500150005826,0.0082125867741861,0.0747,0.0006,0.238,0,0,0,0.02009,0.02009,0,0,0
0.484805991198327,-1.2693129260599,-1.52930495062095,0.0221793863126614,0.120561641160097,0.568626058302579,0.605324253520656,-0.0360385515755844,0.129439291237719,0.0088080119453049,0.0018294700846507,0.0082140566902839,0.0747,0.0006,0.238,0,0,0,0.02009,0.02009,0,0,0
0.493808792573746,-1.26433189959947,-1.52840254846966,0.0223275634064343,0.120616977492845,0.568776642340379,0.60662159568079,-0.0360585624457558,0.129498254202774,0.0083770729573359,0.0020098477014532,0.0082189642162206,0.0747,0.0006,0.238,0,0,0,0.02009,0.02009,0,0,0
0.502823154661561,-1.25933554986019,-1.52750921749754,0.0224756860223935,0.12065986052774,0.568913213909165,0.607909566820836,-0.036081433281397,0.129572754762306,0.0079456274493463,0.0021918212954352,0.0082277929437026,0.0747,0.0006,0.238,0,0,0,0.02009,0.02009,0,0,0
0.511861798659848,-1.25433048046956,-1.52661125487568,0.0225988606782042,0.120721219728215,0.569066968875649,0.609187958515354,-0.0361072136358598,0.129663432240943,0.0075136195803794,0.0023761832586608,0.0082402443827588,0.0747,0.0006,0.238,0,0,0,0.02009,0.02009,0,0,0
0.520915966672544,-1.24931314669623,-1.52571950975137,0.0227395296616121,0.120779638115883,0.569216150578246,0.610456948213042,-0.0361358179930844,0.129769717958319,0.0070817014911538,0.0025628499927872,0.0082568521087346,0.0747,0.0006,0.238,0,0,0,0.02009,0.02009,0,0,0
0.529985109847091,-1.2442826709827,-1.52483305460866,0.0228751889459516,0.120832815789275,0.569358104888851,0.611716601897278,-0.0361674811612262,0.129892523264047,0.0066491108311493,0.0027534493986718,0.0082787885126428,0.0747,0.0006,0.238,0,0,0,0.02009,0.02009,0,0,0
0.53907638378215,-1.23924327973399,-1.52394591356022,0.0230089962582772,0.12089496625321,0.569512871942559,0.612966981226969,-0.0362020301825142,0.130031025065903,0.0062167682642313,0.0029478019446523,0.0083059995221752,0.0747,0.0006,0.238,0,0,0,0.02009,0.02009,0,0,0
0.548189591732372,-1.2341928631282,-1.52305561748747,0.0231280897882822,0.120966020198942,0.569681981032426,0.614208047026192,-0.0362393530617509,0.130184981840636,0.005785628957517,0.0031460455884848,0.0083386746775356,0.0747,0.0006,0.238,0,0,0,0.02009,0.02009,0,0,0
0.557313089895962,-1.22912848755322,-1.52217542751341,0.0232692498165516,0.121022206431618,0.569834124136075,0.6154399500846,-0.0362793348913439,0.130353892096822,0.0053560096572646,0.0033486602805269,0.0083773117336471,0.0747,0.0006,0.238,0,0,0,0.02009,0.02009,0,0,0
0.566454419034184,-1.22405143878379,-1.5212968083432,0.0233910120245982,0.121074794111512,0.569985089549663,0.616662548766712,-0.0363219992586219,0.130537909938886,0.004928453820585,0.0035565539702775,0.0084221717146056,0.0747,0.0006,0.238,0,0,0,0.02009,0.02009,0,0,0
0.575610533471043,-1.21896132183288,-1.52041905563645,0.0235056520278592,0.121128210966077,0.5701323814493,0.617875839840648,-0.0363673055477402,0.130737156582507,0.0045035699502471,0.0037703151885915,0.0084738839650474,0.0747,0.0006,0.238,0,0,0,0.02009,0.02009,0,0,0
0.584792285437186,-1.21386317914704,-1.51953698581253,0.0236115791141541,0.121197101497709,0.570305027445911,0.619079692806954,-0.0364149378400567,0.130951164174515,0.0040816348957473,0.0039904192153817,0.0085321099352545,0.0747,0.0006,0.238,0,0,0,0.02009,0.02009,0,0,0
0.593981765095599,-1.20875082010731,-1.51866314962844,0.0237324691213184,0.121253522334175,0.570456042155156,0.620274404802211,-0.0364650261083725,0.131180038608444,0.0036618594194527,0.0042183949612551,0.0085984383940495,0.0747,0.0006,0.238,0,0,0,0.02009,0.02009,0,0,0
0.60318992735975,-1.20362757895559,-1.51779296931758,0.0238481047229503,0.121300850988875,0.570610587650364,0.621459890300149,-0.0365174867770859,0.131423531923307,0.0032450040799888,0.0044549953752835,0.0086731895380544,0.0747,0.0006,0.238,0,0,0,0.02009,0.02009,0,0,0
0.612410071990326,-1.19848871409426,-1.51690428390559,0.0239173097159162,0.121384331408179,0.570748354022599,0.622636320287319,-0.0365723772367604,0.131680847167373,0.0028319369132199,0.0047002375425107,0.0087574845961254,0.0747,0.0006,0.238,0,0,0,0.02009,0.02009,0,0,0
0.621652904516714,-1.19334092924402,-1.51600908222788,0.0239656365194941,0.121479095680213,0.570904086262756,0.623803425838142,-0.036629879725964,0.131951855931689,0.0024238599398673,0.004954363617858,0.0088512278569708,0.0747,0.0006,0.238,0,0,0,0.02009,0.02009,0,0,0
0.630912062528654,-1.18818423717158,-1.51513366935033,0.0240572855396259,0.121538355648238,0.571067554062724,0.624961017216603,-0.0366902714240153,0.132237194229276,0.0020200810651104,0.0052190707169263,0.0089547587453822,0.0747,0.0006,0.238,0,0,0,0.02009,0.02009,0,0,0
0.640190224132805,-1.18301557867849,-1.51423663754944,0.0240817590166533,0.1216328287272,0.571234204348,0.626108970669775,-0.0367537330408299,0.132536094502601,0.0016225392376943,0.0054939542327273,0.0090684999439643,0.0747,0.0006,0.238,0,0,0,0.02009,0.02009,0,0,0
0.649475330478373,-1.17783094619745,-1.51335814225256,0.0241522391350126,0.121690674123699,0.571377803510942,0.627247205880761,-0.0368202200514966,0.132849030594159,0.0012297314732967,0.0057810099498597,0.009193438856206,0.0747,0.0006,0.238,0,0,0,0.02009,0.02009,0,0,0
0.658780230999823,-1.17263596140766,-1.51246505729904,0.0241886491178132,0.121773734299362,0.571529046372437,0.628375699951958,-0.0368895351494476,0.13317506089752,0.0008428831611096,0.0060801227271736,0.0093298080257022,0.0747,0.0006,0.238,0,0,0,0.02009,0.02009,0,0,0
0.66809918704688,-1.16742840634809,-1.51156631917274,0.0242050237184736,0.121866205851814,0.571674856185165,0.62949423210219,-0.0369620222056365,0.13351380001199,0.0004631663110821,0.0063915997548256,0.0094780805128099,0.0747,0.0006,0.238,0,0,0,0.02009,0.02009,0,0,0
0.677442848633398,-1.16221397192231,-1.51065032979822,0.0241858749853388,0.121990910584292,0.57184348351674,0.630602672227162,-0.0370368441634166,0.133864365482089,9.13242423621542e-05,0.0067154523779236,0.0096379540445591,0.0747,0.0006,0.238,0,0,0,0.02009,0.02009,0,0,0
0.686806470725747,-1.15699029769,-1.50973678458322,0.0241781531498166,0.12210793955464,0.57202587521294,0.63170085845034,-0.0371140828305945,0.134226400545908,-0.0002726034949116,0.0070528883043142,0.0098097219980361,0.0747,0.0006,0.238,0,0,0,0.02009,0.02009,0,0,0
0.696184814827317,-1.15175532921883,-1.50881752377258,0.0241545933570027,0.122230949664068,0.572207173581511,0.63278863164737,-0.0371937192127309,0.134599551897719,-0.0006279520940712,0.0074042982197776,0.0099938442463086,0.0747,0.0006,0.238,0,0,0,0.02009,0.02009,0,0,0
0.70558077280399,-1.14650970681412,-1.50790234452478,0.0241489838698275,0.122344681888887,0.572396314784887,0.633865804466001,-0.0372754089260161,0.134983319683434,-0.0009751667028561,0.0077706544186447,0.0101902773937265,0.0747,0.0006,0.238,0,0,0,0.02009,0.02009,0,0,0
0.714984138589818,-1.14125034927073,-1.50699204512684,0.0241594840425112,0.122443858382129,0.572565938930207,0.634932372539101,-0.0373593540048996,0.135377958628964,-0.0013152041133674,0.0081535750256145,0.0104004430464852,0.0747,0.0006,0.238,0,0,0,0.02009,0.02009,0,0,0
0.724405841171877,-1.13598084991813,-1.50607152666952,0.0241515037773179,0.12255947163357,0.572740681788495,0.635988214639297,-0.0374452866210921,0.135782516518917,-0.0016474578856175,0.0085532600560727,0.0106247254158166,0.0747,0.0006,0.238,0,0,0,0.02009,0.02009,0,0,0
0.733841314003577,-1.13070027264025,-1.50515703047586,0.0241695971406695,0.122660841399024,0.572912541410403,0.637033120429346,-0.0375329666355958,0.136196680605146,-0.0019721692159497,0.0089705574127391,0.0108634453777485,0.0747,0.0006,0.238,0,0,0,0.02009,0.02009,0,0,0
0.743293484938408,-1.12540860767313,-1.50423366760209,0.0241594384556008,0.12277167745451,0.57308989779687,0.638067027091296,-0.0376182096990164,0.136614690666141,-0.0022871811011562,0.0093957708183938,0.0111087501230414,0.0747,0.0006,0.238,0,0,0,0.02009,0.02009,0,0,0
0.752759652215533,-1.1201050497166,-1.50330100418671,0.0241357696502215,0.122895876239909,0.573265766384122,0.639089921740096,-0.0377051002581219,0.137040990485364,-0.0025964768793388,0.0098392268938662,0.0113684610400158,0.0747,0.0006,0.238,0,0,0,0.02009,0.02009,0,0,0
0.762241791661838,-1.11479083346852,-1.50236150176084,0.0241048878692139,0.123030214056826,0.573445190945549,0.640101477502213,-0.0377934905916004,0.13747481872146,-0.0028979654770298,0.0103000858792642,0.0116421238058318,0.0747,0.0006,0.238,0,0,0,0.02009,0.02009,0,0,0
0.77174201210167,-1.10946857521727,-1.50142013155654,0.0240751989028726,0.123164784709105,0.573639308760337,0.641101586214105,-0.0378833370614888,0.137915640055217,-0.0031916707931678,0.010778654063937,0.0119298722151425,0.0747,0.0006,0.238,0,0,0,0.02009,0.02009,0,0,0
0.781258144731339,-1.10413608859108,-1.50047017399804,0.0240312055954134,0.123312372974855,0.573842022388274,0.642090088040314,-0.0379742548455329,0.138362211490809,-0.0034762154502011,0.0112745268729478,0.0122319579717087,0.0747,0.0006,0.238,0,0,0,0.02009,0.02009,0,0,0
0.790792173453913,-1.09879371077915,-1.49951033121395,0.02397312857068,0.123476328791346,0.574056744553227,0.643066818581679,-0.0380664208993909,0.138813561896354,-0.0037501560625056,0.011787051103138,0.0125485302020182,0.0747,0.0006,0.238,0,0,0,0.02009,0.02009,0,0,0
0.800342123923722,-1.0934438013855,-1.49854952941028,0.0239247590605463,0.123638775608475,0.574282490011645,0.644031649410892,-0.0381592549514062,0.139269544989379,-0.0040148914054752,0.0123172884311214,0.0128794902213758,0.0747,0.0006,0.238,0,0,0,0.02009,0.02009,0,0,0
0.809900652472479,-1.08807894571882,-1.497589157624,0.0238845228633382,0.123797162667498,0.574495153680661,0.644984580160666,-0.0382528128355482,0.139729823890307,-0.0042714513350132,0.0128663177689614,0.0132258138776271,0.0747,0.0006,0.238,0,0,0,0.02009,0.02009,0,0,0
0.819475548454543,-1.08270510789732,-1.49661636948888,0.0238263082541674,0.123977521214683,0.574718473679126,0.645925444976778,-0.0383470670650523,0.140193785560231,-0.004519586562037,0.0134341804363605,0.013587815531661,0.0747,0.0006,0.238,0,0,0,0.02009,0.02009,0,0,0
0.829069517983726,-1.07732341003099,-1.49563609648588,0.0237627788965859,0.124173444824632,0.574961826734202,0.646854156738853,-0.038441806729844,0.140660724886571,-0.0047592620103472,0.0140206956639665,0.0139655586109656,0.0747,0.0006,0.238,0,0,0,0.02009,0.02009,0,0,0
0.838671489608787,-1.07193074071592,-1.49466352855883,0.023726632802122,0.12435545091791,0.575197198560908,0.647770649111863,-0.0385371561936685,0.14113074931433,-0.0049915955741429,0.0146268335941704,0.0143598751655395,0.0747,0.0006,0.238,0,0,0,0.02009,0.02009,0,0,0
0.848286295463133,-1.06652720753709,-1.49368183315112,0.023681472090497,0.124554534764284,0.575436009437359,0.648674914389133,-0.0386334292772284,0.141602716598156,-0.0052158838938231,0.0152520696583656,0.0147712669526921,0.0747,0.0006,0.238,0,0,0,0.02009,0.02009,0,0,0
0.857920742257601,-1.06111582647555,-1.49268164585737,0.0236001516633565,0.124790611470901,0.575696841568854,0.649566665638015,-0.0387301570510373,0.142076061139521,-0.005431326775988,0.015895689344002,0.015199293049499,0.0747,0.0006,0.238,0,0,0,0.02009,0.02009,0,0,0
0.867567698732902,-1.05569472668464,-1.49167624097539,0.023516162400488,0.125040637229467,0.575962512503391,0.650445847666845,-0.0388271565214227,0.142550086286482,-0.0056373481009723,0.0165571993625536,0.0156442303302712,0.0747,0.0006,0.238,0,0,0,0.02009,0.02009,0,0,0
0.877226545220042,-1.05026351269869,-1.49066972797441,0.0234385749470806,0.125295406753829,0.576234550206379,0.651312431639868,-0.0389247035370996,0.143024450876669,-0.0058344575757316,0.0172368153333993,0.0161068459817571,0.0747,0.0006,0.238,0,0,0,0.02009,0.02009,0,0,0
0.886899432617074,-1.04482389408772,-1.48966547588987,0.0233725901091869,0.125546547690017,0.576519468343391,0.652166413947612,-0.0390225667903297,0.14349840849275,-0.0060226530514735,0.0179345479212181,0.0165874111623504,0.0747,0.0006,0.238,0,0,0,0.02009,0.02009,0,0,0
0.896587796619391,-1.03937704264806,-1.48865385973751,0.0232999157297842,0.125816110585592,0.576820751922825,0.65300778732746,-0.0391204365157508,0.143971055863621,-0.0062017598672668,0.0186498825884184,0.0170857804035003,0.0747,0.0006,0.238,0,0,0,0.02009,0.02009,0,0,0
0.906285641645464,-1.03391914276646,-1.4876353917223,0.0232233164409504,0.126104786136663,0.577119247259665,0.653836551657209,-0.0392181428428478,0.144441701088671,-0.0063716709877183,0.0193821214309246,0.0176021733302047,0.0747,0.0006,0.238,0,0,0,0.02009,0.02009,0,0,0
0.915991877970627,-1.02844923434517,-1.4866157745875,0.0231447691683637,0.126399148242,0.577416163208309,0.65465265397872,-0.0393161468044263,0.144910027834054,-0.0065318860084727,0.0201306679269893,0.0181372901220108,0.0747,0.0006,0.238,0,0,0,0.02009,0.02009,0,0,0
0.925710604423508,-1.02296951563091,-1.48558981537144,0.0230581918171179,0.126712241930582,0.577722622523942,0.655456081005546,-0.0394146059602647,0.145375415828716,-0.0066817500556012,0.0208945085138175,0.0186916091408778,0.0747,0.0006,0.238,0,0,0,0.02009,0.02009,0,0,0
0.935439180174824,-1.01748008095826,-1.48457043455173,0.0229913593505966,0.127021066823133,0.578033548785219,0.656246780872444,-0.0395136463152073,0.145837695264251,-0.0068222200132174,0.0216736121898197,0.0192653901149143,0.0747,0.0006,0.238,0,0,0,0.02009,0.02009,0,0,0
0.945176974799103,-1.01198020117389,-1.483559708119,0.0229504290226699,0.127320962965726,0.57834977504637,0.657024874777134,-0.039613158879017,0.146296728305892,-0.0069543575251039,0.0224681485420264,0.0198591424809664,0.0747,0.0006,0.238,0,0,0,0.02009,0.02009,0,0,0
0.954924655565911,-1.00647048161322,-1.48254308581001,0.0229001772953835,0.127638908095627,0.57867215138621,0.657790293803536,-0.0397134585884304,0.146751801936211,-0.0070768820048488,0.0232765667459565,0.0204731212596553,0.0747,0.0006,0.238,0,0,0,0.02009,0.02009,0,0,0
0.96468036912613,-1.0009510353931,-1.4815313358541,0.0228696297694703,0.127955647953699,0.578996698122737,0.658543106077824,-0.0398142365815444,0.147202845400805,-0.0071909344125464,0.0240988099561052,0.0211071969299989,0.0747,0.0006,0.238,0,0,0,0.02009,0.02009,0,0,0
0.974448342857143,-0.995423823210822,-1.48051132724891,0.0228218989300295,0.128299236141311,0.579337445162411,0.659283410903698,-0.0399155329166992,0.147648849414612,-0.0072952878984232,0.0249328510979878,0.0217616645202008,0.0747,0.0006,0.238,0,0,0,0.02009,0.02009,0,0,0
0.984228667677659,-0.989887313152128,-1.47948583702547,0.0227682419838153,0.128664580498647,0.579695150982207,0.660011192200884,-0.0400174180170054,0.148089388033483,-0.0073896764313848,0.0257775113332771,0.0224363864293647,0.0747,0.0006,0.238,0,0,0,0.02009,0.02009,0,0,0
0.994016290948938,-0.984339777932842,-1.47845786821674,0.0227109647666433,0.129045278492526,0.580052960335687,0.660726487562098,-0.0401200173873462,0.148523706876391,-0.0074729842711031,0.0266308465956323,0.0231314948281213,0.0747,0.0006,0.238,0,0,0,0.02009,0.02009,0,0,0
1.00381120384916,-0.97878126687659,-1.47744117421971,0.0226812131181163,0.129416806143239,0.580416316631352,0.661429447353105,-0.0402231577069173,0.148951464972578,-0.0075455462206026,0.0274921292134025,0.0238471363845155,0.0747,0.0006,0.238,0,0,0,0.02009,0.02009,0,0,0
1.01361776333728,-0.973214454820265,-1.47641727855002,0.0226308990233221,0.129814687795995,0.580794028917876,0.662120118635191,-0.0403266261679372,0.149372374251433,-0.0076075443714634,0.0283603565806885,0.0245828025946041,0.0747,0.0006,0.238,0,0,0,0.02009,0.02009,0,0,0
1.02343622659647,-0.967639479597955,-1.47539441348213,0.0225903936092663,0.130222337458112,0.581193177830166,0.66279854775075,-0.0404304275249111,0.149785710318375,-0.0076581126422337,0.0292337126803823,0.0253383659911813,0.0747,0.0006,0.238,0,0,0,0.02009,0.02009,0,0,0
1.03326579201451,-0.962055849071719,-1.47436024811951,0.0225280206551119,0.130667332537488,0.581609009178321,0.663464797805208,-0.0405346025586236,0.150190858653996,-0.0076963903830489,0.0301100090502003,0.026113277242847,0.0747,0.0006,0.238,0,0,0,0.02009,0.02009,0,0,0
1.04310462561403,-0.956462410408848,-1.47332164437111,0.0224547764843277,0.131136426933785,0.582038595511205,0.664118995860455,-0.0406389166455944,0.150587219814259,-0.0077218942291624,0.0309875161800379,0.0269073645436881,0.0747,0.0006,0.238,0,0,0,0.02009,0.02009,0,0,0
1.05295534301333,-0.950860573841853,-1.47227669372497,0.0223673693815943,0.131631115241292,0.582488351223345,0.664761250075151,-0.0407432672709699,0.15097392272804,-0.0077335849959969,0.0318639396038391,0.0277201451748403,0.0747,0.0006,0.238,0,0,0,0.02009,0.02009,0,0,0
1.06280922271204,-0.945247844970653,-1.47125075867194,0.0223323146686536,0.13210286815157,0.582940653573684,0.665391734720024,-0.0408476743856045,0.151351520439037,-0.0077327463853392,0.0327388410910545,0.0285519412608591,0.0747,0.0006,0.238,0,0,0,0.02009,0.02009,0,0,0
1.07266584413936,-0.939622516784644,-1.4702272194977,0.0223001156757113,0.132588642872075,0.583391423347915,0.666010610179174,-0.0409525804581468,0.15172012625019,-0.0077198610819476,0.0336111812248769,0.0294030755367093,0.0747,0.0006,0.238,0,0,0,0.02009,0.02009,0,0,0
1.08252968957352,-0.933983505418546,-1.46919059738519,0.0222212183489081,0.133116630098856,0.583849820265459,0.666618161371673,-0.0410582133534946,0.15207906375482,-0.0076942763422319,0.0344792421701337,0.0302737382611876,0.0747,0.0006,0.238,0,0,0,0.02009,0.02009,0,0,0
1.09240968445978,-0.928342859349574,-1.46815491376678,0.0221550276496686,0.133661532636498,0.584350877537695,0.667214452315977,-0.0411643010343382,0.152428439616132,-0.0076563531730706,0.0353414727460523,0.0311628752587875,0.0747,0.0006,0.238,0,0,0,0.02009,0.02009,0,0,0
1.10229074914981,-0.922688343547372,-1.46712735535179,0.0221034418953813,0.134209351426821,0.584849020487959,0.667799817865883,-0.0412705537220322,0.152767602948264,-0.0076059068318418,0.0361960373810527,0.0320703083171588,0.0747,0.0006,0.238,0,0,0,0.02009,0.02009,0,0,0
1.11217619458901,-0.917022291800389,-1.46610471028037,0.0220591397583849,0.134765925224266,0.585355062910064,0.668374466021019,-0.0413772692970243,0.153096730019926,-0.0075432697376715,0.0370416206092711,0.0329962949990117,0.0747,0.0006,0.238,0,0,0,0.02009,0.02009,0,0,0
1.12207852578784,-0.911351509887398,-1.46506533780386,0.0219768735862886,0.135377171975963,0.58590185325648,0.668938521327386,-0.0414840316322058,0.153415248603584,-0.0074675631625565,0.0378755590181711,0.033939345899705,0.0747,0.0006,0.238,0,0,0,0.02009,0.02009,0,0,0
1.13198496370507,-0.905669798669925,-1.46402613054387,0.0218901438848315,0.136005236090716,0.586458395871835,0.66949223392577,-0.0415912070811076,0.153722994257137,-0.007378032891581,0.0386957542016071,0.034899455298006,0.0747,0.0006,0.238,0,0,0,0.02009,0.02009,0,0,0
1.14190062769983,-0.899980946822179,-1.46299684949493,0.021822811033864,0.136636704038376,0.587040513802468,0.670035773137606,-0.041698975463329,0.154020037971825,-0.0072752812834653,0.0395008915032944,0.0358760287206752,0.0747,0.0006,0.238,0,0,0,0.02009,0.02009,0,0,0
1.15182263244578,-0.894280441061038,-1.46195927255964,0.0217241247864724,0.137305263159318,0.587635201586632,0.670569420159436,-0.0418072450427698,0.154305846492862,-0.0071582483517539,0.0402883373916936,0.0368684860119603,0.0747,0.0006,0.238,0,0,0,0.02009,0.02009,0,0,0
1.16175505502683,-0.888572720558229,-1.46093553107288,0.0216532144022193,0.137970255869191,0.588262079507435,0.671093366191701,-0.0419159700686259,0.154580430185678,-0.0070275107727865,0.041056739744846,0.0378759525877732,0.0747,0.0006,0.238,0,0,0,0.02009,0.02009,0,0,0
1.17169767493261,-0.882857623336777,-1.45990882771494,0.02156733742318,0.138665826522687,0.588920760986503,0.671607998228802,-0.0420246968672338,0.154843145057624,-0.0068823321425696,0.0418035144330162,0.0388975460275401,0.0747,0.0006,0.238,0,0,0,0.02009,0.02009,0,0,0
1.18164842741265,-0.8771341640527,-1.45887789959947,0.0214665255781127,0.139394885933768,0.589603640397413,0.672113576298963,-0.042133334887448,0.155093792152317,-0.006722327413162,0.0425264715213047,0.0399324148319812,0.0747,0.0006,0.238,0,0,0,0.02009,0.02009,0,0,0
1.19160249286848,-0.871397602000152,-1.45785854793561,0.0213791731949805,0.140124564998246,0.590293117288845,0.672610408372955,-0.0422415662529036,0.155332249669905,-0.0065479337778294,0.0432241432170788,0.0409796381499126,0.0747,0.0006,0.238,0,0,0,0.02009,0.02009,0,0,0
1.2015607923823,-0.865651203753433,-1.45684485809003,0.0213011916230769,0.14086843310125,0.591002625955442,0.673098889876005,-0.0423496884932966,0.155558277285233,-0.006358817548155,0.0438942884738946,0.0420391128316134,0.0747,0.0006,0.238,0,0,0,0.02009,0.02009,0,0,0
1.21151787876162,-0.859893416127164,-1.45586063819432,0.0212837865815265,0.141581979956344,0.59172081148633,0.673579415812415,-0.0424577678198632,0.155772674208874,-0.006157081540646,0.0445365705370053,0.0431105339663053,0.0747,0.0006,0.238,0,0,0,0.02009,0.02009,0,0,0
1.22147352850845,-0.85412123263219,-1.45489057088949,0.021288250547482,0.142292525229053,0.592442598497764,0.674052308074117,-0.0425659943302815,0.155975611310711,-0.0059433091657579,0.0451495426661011,0.044193637585002,0.0747,0.0006,0.238,0,0,0,0.02009,0.02009,0,0,0
1.23143894056982,-0.848342351996373,-1.45392018943497,0.0212838331518532,0.143031614562551,0.59320075450729,0.674517875012869,-0.042674189264444,0.156166668023844,-0.0057168164952041,0.0457308238382063,0.0452870294988312,0.0747,0.0006,0.238,0,0,0,0.02009,0.02009,0,0,0
1.24140519461924,-0.84254961852533,-1.45295729525657,0.0212852357416626,0.143782325219225,0.593964942512968,0.674976527262734,-0.0427826595294855,0.156345992951922,-0.0054782482034002,0.0462789412153752,0.0463906518246445,0.0747,0.0006,0.238,0,0,0,0.02009,0.02009,0,0,0
1.25137558544474,-0.836747574945211,-1.45200485244225,0.0213018901977405,0.144536636077855,0.594758340399216,0.675428622347714,-0.0428912521148452,0.156513640664713,-0.0052278815137988,0.0467922549041705,0.0475031458574349,0.0747,0.0006,0.238,0,0,0,0.02009,0.02009,0,0,0
1.26135029432955,-0.830936017018919,-1.45106067170819,0.0213247419332375,0.145300859514912,0.595573220381746,0.675874520899823,-0.0429999401647048,0.156669338639487,-0.0049654669397458,0.0472688208739846,0.0486236303816042,0.0747,0.0006,0.238,0,0,0,0.02009,0.02009,0,0,0
1.27132709812832,-0.825110788593597,-1.45012617521223,0.0213556101552854,0.146073703575011,0.596406240822066,0.67631467999775,-0.0431084999282181,0.156812947470779,-0.0046913111191493,0.0477071063121539,0.0497512938889219,0.0747,0.0006,0.238,0,0,0,0.02009,0.02009,0,0,0
1.28131150548404,-0.819278489583597,-1.44919228476207,0.0213820809405382,0.146873957121894,0.597270805574933,0.676749527562047,-0.0432168262946515,0.156944422088283,-0.0044053731281192,0.0481052191163348,0.0508851411623721,0.0747,0.0006,0.238,0,0,0,0.02009,0.02009,0,0,0
1.29129441583999,-0.813434172209488,-1.44827494746706,0.0214349465172975,0.147664320538757,0.598146958078176,0.677179477370705,-0.0433250235035605,0.157064079908234,-0.004108629337456,0.0484622500818977,0.052024371868068,0.0747,0.0006,0.238,0,0,0,0.02009,0.02009,0,0,0
1.30127263983173,-0.80757322889891,-1.44736291709197,0.0214928210205202,0.148475335852539,0.599021572723882,0.677605156026538,-0.0434331612727187,0.157171435976667,-0.0038010151671412,0.0487760720171935,0.0531690379107212,0.0747,0.0006,0.238,0,0,0,0.02009,0.02009,0,0,0
1.3112537072877,-0.801702963574074,-1.44646650822984,0.0215734334507579,0.149277363947096,0.599925515068316,0.678026968207682,-0.0435410329692749,0.157266846917151,-0.0034834218658261,0.0490460309850566,0.0543179101397462,0.0747,0.0006,0.238,0,0,0,0.02009,0.02009,0,0,0
1.32124191062297,-0.795825267954758,-1.44557913723959,0.0216690310908513,0.150085116143952,0.600866121997116,0.678445224134194,-0.0436485979532764,0.15735056271156,-0.0031562831502771,0.0492708483086048,0.0554697770381752,0.0747,0.0006,0.238,0,0,0,0.02009,0.02009,0,0,0
1.33122818038643,-0.789932521671664,-1.44469067302315,0.0217483955054373,0.150924914053892,0.601813350247296,0.678860457199885,-0.0437559303394624,0.157422498702438,-0.0028198378818212,0.0494489310820917,0.0566241795903873,0.0747,0.0006,0.238,0,0,0,0.02009,0.02009,0,0,0
1.34121629331184,-0.784027674751241,-1.44381220570824,0.0218424194192349,0.151772606274956,0.602782199411429,0.679273107671263,-0.0438628097191242,0.157482402780177,-0.0024742017786746,0.0495785560734145,0.0577800116073154,0.0747,0.0006,0.238,0,0,0,0.02009,0.02009,0,0,0
1.35120733362723,-0.778110035821348,-1.44294343975112,0.0219424553626765,0.152625552027864,0.603775614977268,0.679683597613525,-0.043969224378276,0.157529800668681,-0.0021190024354169,0.0496580285805276,0.0589363196279359,0.0747,0.0006,0.238,0,0,0,0.02009,0.02009,0,0,0
1.361198565544,-0.772179680530016,-1.44208375781041,0.022049795597535,0.153482418773188,0.60479075109276,0.680092399373623,-0.0440752457624134,0.157564626224263,-0.0017543533154104,0.049686139297553,0.0600921804531556,0.0747,0.0006,0.238,0,0,0,0.02009,0.02009,0,0,0
1.37119057404338,-0.766236566828728,-1.44123435868706,0.0221721203807286,0.154342594498178,0.605824247068725,0.680499931222405,-0.0441808046904087,0.15758718171168,-0.00138151563759,0.0496623512874323,0.0612470509213539,0.0747,0.0006,0.238,0,0,0,0.02009,0.02009,0,0,0
1.38118292997456,-0.760281382653602,-1.44039593711867,0.0223094537945833,0.155205009818383,0.606878859132657,0.680906688227966,-0.0442857472407507,0.157597550020549,-0.0010013098398467,0.0495860410464503,0.0624001227821089,0.0747,0.0006,0.238,0,0,0,0.02009,0.02009,0,0,0
1.39117619529435,-0.75431216616369,-1.43956824096531,0.0224498773815288,0.156068230660498,0.607954292117435,0.681313036995157,-0.0443902127835622,0.157595722137899,-0.0006138799065308,0.0494563770642861,0.0635509289097777,0.0747,0.0006,0.238,0,0,0,0.02009,0.02009,0,0,0
1.40117099668993,-0.748330354752249,-1.4387511043303,0.0226015959407081,0.156931358330967,0.609052329152216,0.681719408181431,-0.0444939297843272,0.157581430522847,-0.0002195309501652,0.0492724706717594,0.064698402650537,0.0747,0.0006,0.238,0,0,0,0.02009,0.02009,0,0,0
1.41116459662443,-0.742336467677659,-1.43794581761846,0.0227688631006499,0.157792345471973,0.610169397908801,0.68212637446115,-0.0445967973296484,0.157554578146558,0.0001806925460528,0.04903405621722,0.0658420974628846,0.0747,0.0006,0.238,0,0,0,0.02009,0.02009,0,0,0
1.42115930753961,-0.736329163165983,-1.43715133448875,0.0229391124171951,0.158651173206531,0.611309446109201,0.682534327278069,-0.0446986622841382,0.157515125401232,0.0005867902794229,0.0487406284671195,0.0669810903552401,0.0747,0.0006,0.238,0,0,0,0.02009,0.02009,0,0,0
1.43115288417765,-0.730308382180014,-1.43636909565458,0.0231286709221251,0.159506270998756,0.612466680421673,0.682943720920933,-0.0447992910654684,0.157462864017639,0.0009980482251037,0.0483917844100175,0.0681146654773265,0.0747,0.0006,0.238,0,0,0,0.02009,0.02009,0,0,0
1.44114665512759,-0.724273344242639,-1.43559881862105,0.0233255367543887,0.160357020960305,0.613643285435529,0.683354960840334,-0.0448987662379601,0.157397958789666,0.0014140708543112,0.0479874071294979,0.0692422933846875,0.0747,0.0006,0.238,0,0,0,0.02009,0.02009,0,0,0
1.45114092199411,-0.718224302687862,-1.43484003033479,0.023530387188889,0.161200705884433,0.614844534076092,0.683768437907,-0.0449971432525687,0.157320582511891,0.0018342483841611,0.047527634035949,0.070363440723473,0.0747,0.0006,0.238,0,0,0,0.02009,0.02009,0,0,0
1.4611344894123,-0.712161792135426,-1.43409305445752,0.0237466428210369,0.162039410335334,0.616064344842912,0.684184527709171,-0.0450941374396289,0.157230586589319,0.0022584262607474,0.0470121950245507,0.0714772589614302,0.0747,0.0006,0.238,0,0,0,0.02009,0.02009,0,0,0
1.47112631721793,-0.706085039494169,-1.43335893801547,0.0239740791523099,0.162868472055463,0.617302336521534,0.684603720751504,-0.0451895217879695,0.157127713794544,0.0026857988776698,0.0464412035171245,0.0725831037399295,0.0747,0.0006,0.238,0,0,0,0.02009,0.02009,0,0,0
1.48111778254276,-0.699993952590876,-1.43263703744364,0.024216449828622,0.163689408394646,0.618559335217303,0.685026337020459,-0.0452831943621588,0.157012067494807,0.0031157074479332,0.0458148271608838,0.0736802651879791,0.0747,0.0006,0.238,0,0,0,0.02009,0.02009,0,0,0
1.49110718273421,-0.693887640003023,-1.43192793477089,0.0244642704839384,0.164499680342847,0.619835362136834,0.685452858622951,-0.0453752890376175,0.156883658480344,0.0035476801534631,0.0451336958279656,0.0747685499022016,0.0747,0.0006,0.238,0,0,0,0.02009,0.02009,0,0,0
1.50109668662115,-0.687766585278485,-1.43123174649974,0.0247295242401515,0.16529811998692,0.62113170014286,0.685883470661713,-0.0454656601681264,0.156742576227979,0.003981272050635,0.0443981104443948,0.075847021504063,0.0747,0.0006,0.238,0,0,0,0.02009,0.02009,0,0,0
1.51108569798222,-0.68162906660453,-1.43055022108976,0.0250130586527639,0.166082473985216,0.622448646909468,0.686318469313827,-0.0455543056949716,0.156588885774087,0.0044156775789021,0.0436084924500828,0.0769151346123277,0.0747,0.0006,0.238,0,0,0,0.02009,0.02009,0,0,0
1.5210744467189,-0.67547520864549,-1.42988178327833,0.0253070189792705,0.166851074148045,0.62378509722569,0.686758023847648,-0.0456411584224755,0.156423007238443,0.004849736213393,0.0427661936746361,0.0779720124843642,0.0747,0.0006,0.238,0,0,0,0.02009,0.02009,0,0,0
1.53106189268207,-0.669305459979344,-1.4292273385747,0.0256136464675947,0.167605024873286,0.625139804188306,0.687202576346,-0.0457259495996754,0.156244720721914,0.0052824684417844,0.0418723319390314,0.0790173517390626,0.0747,0.0006,0.238,0,0,0,0.02009,0.02009,0,0,0
1.54104823744867,-0.663120338997909,-1.42858657487971,0.0259462322684376,0.168342197525865,0.626512875635056,0.687652442241401,-0.0458084218405029,0.156053740082058,0.0057134035489442,0.0409273742132644,0.0800507671117182,0.0747,0.0006,0.238,0,0,0,0.02009,0.02009,0,0,0
1.5510344283699,-0.656918107549689,-1.42795686159156,0.0262659700850012,0.169062525664777,0.627906175989865,0.688107802126355,-0.0458885019493996,0.155850581552674,0.0061417569797651,0.0399329349841702,0.0810717626315659,0.0747,0.0006,0.238,0,0,0,0.02009,0.02009,0,0,0
1.56101701336121,-0.650700574557272,-1.42734117539361,0.0266034719107533,0.16976155991023,0.629317563187491,0.688568897806722,-0.0459662061810165,0.155635042397888,0.0065673525647562,0.0388897632954578,0.0820795304044922,0.0747,0.0006,0.238,0,0,0,0.02009,0.02009,0,0,0
1.5710013880394,-0.644464311403885,-1.42673852083533,0.0269337524088528,0.170440803749247,0.63074887135502,0.689035903528597,-0.0460412261807253,0.155407203616203,0.0069896660480175,0.0377995760527597,0.0830736157063771,0.0747,0.0006,0.238,0,0,0,0.02009,0.02009,0,0,0
1.58098096949392,-0.638213322895937,-1.42615049887901,0.0272875763900141,0.171097075239799,0.63219331954613,0.689509150747206,-0.046113267201387,0.155167146937973,0.007407261776909,0.0366640842027281,0.0840535477267189,0.0747,0.0006,0.238,0,0,0,0.02009,0.02009,0,0,0
1.59096017885483,-0.63194363902562,-1.42557348128574,0.0276267382207712,0.17173499411062,0.633656887143556,0.689988709892957,-0.0461827306001787,0.154915582566392,0.0078194131333298,0.0354853043362358,0.0850192288644495,0.0747,0.0006,0.238,0,0,0,0.02009,0.02009,0,0,0
1.60093602914578,-0.62565806857949,-1.42501431562587,0.028008000640699,0.172346021447251,0.635132141530797,0.690474861578273,-0.0462495304893046,0.154652707613146,0.0082245137934363,0.0342650340689424,0.0859706820942333,0.0747,0.0006,0.238,0,0,0,0.02009,0.02009,0,0,0
1.61090966279064,-0.619354041489282,-1.42446788427841,0.028390657491369,0.172933538965548,0.63662334841464,0.690967780033861,-0.0463136908129997,0.154378551706034,0.0086216658627826,0.0330052091492099,0.0869076303181722,0.0747,0.0006,0.238,0,0,0,0.02009,0.02009,0,0,0
1.62088120825755,-0.613032412061365,-1.42393540870595,0.0287775925095199,0.173493620190699,0.638126795309155,0.691467608566489,-0.046375191039982,0.154093415350754,0.0090104907679971,0.0317077723288412,0.0878300389449064,0.0747,0.0006,0.238,0,0,0,0.02009,0.02009,0,0,0
1.63085152555105,-0.606693691553518,-1.42341658748016,0.0291818660391616,0.17402687640451,0.639650161233641,0.691974436679488,-0.0464339280515961,0.153797128427963,0.009390250101661,0.0303745473137936,0.0887371882525979,0.0747,0.0006,0.238,0,0,0,0.02009,0.02009,0,0,0
1.64081871532861,-0.600335932181274,-1.42291021309419,0.0295865447521362,0.174535269694097,0.641187124902835,0.692488351418457,-0.0464901338329598,0.153490092337379,0.0097601105357162,0.0290078370001527,0.0896289714152339,0.0747,0.0006,0.238,0,0,0,0.02009,0.02009,0,0,0
1.65078287973398,-0.593960376053607,-1.42241657591758,0.0300002581016958,0.175015085281569,0.642737492144314,0.693009425815871,-0.0465438632836604,0.153172513950335,0.0101197181967995,0.0276096024224488,0.0905051627819993,0.0747,0.0006,0.238,0,0,0,0.02009,0.02009,0,0,0
1.66074514870141,-0.587565905887095,-1.42193687441368,0.0304221912620546,0.175465264800802,0.644301374796638,0.693537771436739,-0.0465949379276711,0.152844483943606,0.0104678956480964,0.0261822467081158,0.0913656225127602,0.0747,0.0006,0.238,0,0,0,0.02009,0.02009,0,0,0
1.67070598339421,-0.58115119286596,-1.42147068735673,0.0308585562707921,0.175887027676293,0.64587956591297,0.694073363841397,-0.0466433050499838,0.152506272368045,0.0108032913290298,0.0247282846412118,0.0922101183548769,0.0747,0.0006,0.238,0,0,0,0.02009,0.02009,0,0,0
1.68066442342242,-0.574718305217019,-1.42101943060181,0.0313203985503362,0.176277078165102,0.64747190188514,0.69461638549391,-0.0466886628340532,0.152157719570795,0.0111246324671037,0.0232503741082196,0.093038469010327,0.0747,0.0006,0.238,0,0,0,0.02009,0.02009,0,0,0
1.69062080566794,-0.568266243131724,-1.42058101700884,0.031786159344577,0.176636238114551,0.64907497381825,0.695166975880357,-0.0467307790949892,0.151798749752288,0.0114312331083226,0.0217510383337375,0.0938508066195275,0.0747,0.0006,0.238,0,0,0,0.02009,0.02009,0,0,0
1.70057325362118,-0.561795773569792,-1.42015502779051,0.0322722290737527,0.176966327464943,0.650689372897753,0.695725134606908,-0.0467698091432912,0.151429754928941,0.0117216568833458,0.020232921015542,0.0946471900287612,0.0747,0.0006,0.238,0,0,0,0.02009,0.02009,0,0,0
1.71052396927224,-0.555306324185707,-1.4197419553266,0.0327696077458955,0.177265219365672,0.652318721357715,0.6962909282682,-0.0468055880917072,0.151051018120156,0.0119945271270203,0.0186988667825688,0.0954276677705035,0.0747,0.0006,0.238,0,0,0,0.02009,0.02009,0,0,0
1.72047131591808,-0.548796516915636,-1.41934079011009,0.0332701586430817,0.177532169016456,0.653959407729359,0.696864375612067,-0.0468382091676205,0.150662593679206,0.0122493240176482,0.0171514892468492,0.096192406662668,0.0747,0.0006,0.238,0,0,0,0.02009,0.02009,0,0,0
1.73041613072524,-0.542265371342923,-1.41895185752072,0.0337778807804475,0.177771635706612,0.655608887139544,0.69744541562312,-0.0468675495781471,0.15026457363779,0.0124852504381859,0.0155932236188678,0.0969413137594549,0.0747,0.0006,0.238,0,0,0,0.02009,0.02009,0,0,0
1.74035778449757,-0.535714957810414,-1.4185747666272,0.0342996649777284,0.177981123824347,0.657271389268906,0.698034049832509,-0.0468935768365867,0.149857247538386,0.0127011238553759,0.0140269541485308,0.0976744934181819,0.0747,0.0006,0.238,0,0,0,0.02009,0.02009,0,0,0
1.75029441380457,-0.529142628279216,-1.41820761553266,0.0348110317118478,0.178159715443793,0.658938794056091,0.698630250689994,-0.0469165658407745,0.149441061134441,0.0128964538063025,0.0124555680744747,0.0983925252757904,0.0747,0.0006,0.238,0,0,0,0.02009,0.02009,0,0,0
1.76022871627579,-0.522549938005392,-1.41785202005693,0.0353284102637863,0.178307385169567,0.660617701926561,0.699233995210278,-0.0469362632753771,0.149015824448125,0.0130708747313827,0.0108814643041915,0.0990953037367498,0.0747,0.0006,0.238,0,0,0,0.02009,0.02009,0,0,0
1.77016021800136,-0.51593537187193,-1.41750779131421,0.0358533253383785,0.178424626764447,0.662305782595454,0.699845153567786,-0.0469524305561312,0.148581971935753,0.0132235611090775,0.0093074722616318,0.0997830364305713,0.0747,0.0006,0.238,0,0,0,0.02009,0.02009,0,0,0
1.78008751614984,-0.509300300783435,-1.41717406992972,0.0363849405042781,0.178510657602637,0.664007743081984,0.700463750550842,-0.0469651194101098,0.148139803251422,0.0133530527127841,0.0077368543426226,0.100456006333934,0.0747,0.0006,0.238,0,0,0,0.02009,0.02009,0,0,0
1.79001081431846,-0.502643696067713,-1.41685203023402,0.0369326718076355,0.178568842954352,0.665719193759341,0.701089668092051,-0.0469745241576141,0.147689679591195,0.0134582609997534,0.0061724215897189,0.101114467497707,0.0747,0.0006,0.238,0,0,0,0.02009,0.02009,0,0,0
1.799930171353,-0.495965381036351,-1.41653920703328,0.0374759581980997,0.178596701062749,0.667439827402789,0.701722754629004,-0.046980519106733,0.147232064767349,0.0135387274324837,0.0046168958677644,0.101758712924889,0.0747,0.0006,0.238,0,0,0,0.02009,0.02009,0,0,0
1.80984559179283,-0.489264952792403,-1.41623689917626,0.0380245753265822,0.178596171535826,0.66916880008249,0.702362900397038,-0.0469831404625393,0.146767242556432,0.0135937728434982,0.0030727786502984,0.102389175520474,0.0747,0.0006,0.238,0,0,0,0.02009,0.02009,0,0,0
1.81975736498476,-0.482542504033051,-1.41594419880596,0.0385845472798206,0.178567166759027,0.670906534093718,0.703009955219767,-0.046982496845487,0.146295625150076,0.013622468621895,0.0015428925627952,0.10300636320878,0.0747,0.0006,0.238,0,0,0,0.02009,0.02009,0,0,0
1.82966476944353,-0.475797771342923,-1.41566126630728,0.0391429922682908,0.178509431908897,0.672652953004806,0.703663780542353,-0.0469785829352675,0.145817604072776,0.0136241334168937,3.0020532552447e-05,0.103610462310168,0.0747,0.0006,0.238,0,0,0,0.02009,0.02009,0,0,0
1.83956808456558,-0.469030681981007,-1.41538745653324,0.0397041176355399,0.178422762037695,0.674407269015911,0.704324194854414,-0.0469713267149179,0.145333525784394,0.0135981513110044,-0.0014632377326556,0.104201683438087,0.0747,0.0006,0.238,0,0,0,0.02009,0.02009,0,0,0
1.84946838943497,-0.462240212308236,-1.41512403802806,0.0402659157904803,0.178307960054719,0.676169818226314,0.704990980275824,-0.0469607431636677,0.144843887020121,0.0135439255112388,-0.0029341118448733,0.104780382919289,0.0747,0.0006,0.238,0,0,0,0.02009,0.02009,0,0,0
1.85936355981057,-0.455428767942162,-1.41486951025015,0.0408301864306587,0.178163531186793,0.677940898574106,0.705663996892908,-0.0469467750195268,0.144348899745903,0.0134612432178904,-0.0043802708976026,0.105346855365738,0.0747,0.0006,0.238,0,0,0,0.02009,0.02009,0,0,0
1.86925492065899,-0.448593741668137,-1.41462417357483,0.0413939140461753,0.177991752005777,0.679720697855839,0.70634304282402,-0.0469294278305801,0.143848761398399,0.0133501952310524,-0.005799605757335,0.105901326700526,0.0747,0.0006,0.238,0,0,0,0.02009,0.02009,0,0,0
1.87914185907247,-0.44173607889765,-1.414387649505,0.0419612221045446,0.17779149340323,0.681508339072182,0.707027915389187,-0.0469086286973544,0.143343930290677,0.013210300361099,-0.0071895780632174,0.10644409338705,0.0747,0.0006,0.238,0,0,0,0.02009,0.02009,0,0,0
1.88902469952389,-0.434854606499232,-1.41415888766406,0.0425247750215371,0.177565850372386,0.68330377519086,0.707718361095847,-0.0468844230645281,0.142834616359673,0.0130418186609961,-0.0085482103003501,0.106975356776733,0.0747,0.0006,0.238,0,0,0,0.02009,0.02009,0,0,0
1.89890264409905,-0.427949912527396,-1.4139385888052,0.0430892736118616,0.177312829713057,0.685106820775694,0.708414147103899,-0.0468567585631121,0.142321299420424,0.0128442273564192,-0.0098730468544614,0.107495543934427,0.0747,0.0006,0.238,0,0,0,0.02009,0.02009,0,0,0
1.90877613114845,-0.421022119570749,-1.41372678561604,0.0436529148462151,0.177031659292861,0.686917015998405,0.709115076420915,-0.046825658794289,0.141804463127826,0.0126172561293676,-0.0111617489745881,0.108005048646631,0.0747,0.0006,0.238,0,0,0,0.02009,0.02009,0,0,0
1.91864538116734,-0.414069914729073,-1.41352214395042,0.0442145247177778,0.176725820020141,0.68873383131717,0.709820854747032,-0.0467911200002183,0.141284458499353,0.0123607674875232,-0.0124122418323838,0.108504039166666,0.0747,0.0006,0.238,0,0,0,0.02009,0.02009,0,0,0
1.9285104183893,-0.407093655560874,-1.41332477791269,0.0447750130137643,0.176396437712397,0.690558109103535,0.710531242006364,-0.046753060292849,0.140761490898509,0.0120752608149612,-0.013622943179015,0.108992729270424,0.0747,0.0006,0.238,0,0,0,0.02009,0.02009,0,0,0
1.93837019385848,-0.400092920931053,-1.41313634985515,0.045331455989532,0.176039419023437,0.692389146805719,0.7112459754531,-0.0467114857649367,0.140236081635601,0.0117604823394214,-0.0147917121838682,0.10947144092923,0.0747,0.0006,0.238,0,0,0,0.02009,0.02009,0,0,0
1.94822572218052,-0.393068474877196,-1.4129542034713,0.0458879324502871,0.175661562796326,0.694228573477269,0.711964815546455,-0.0466664293128553,0.139708599416973,0.0114166600485205,-0.0159169742306847,0.109940583032293,0.0747,0.0006,0.238,0,0,0,0.02009,0.02009,0,0,0
1.95807610953472,-0.386018511867396,-1.41277903946898,0.0464328406601559,0.175261071793091,0.696073744815367,0.712687467810688,-0.0466179791983016,0.139179632853401,0.0110439291941381,-0.0169967220270636,0.110400562549339,0.0747,0.0006,0.238,0,0,0,0.02009,0.02009,0,0,0
1.96792146170743,-0.378943942716075,-1.41261043235005,0.0469768073942982,0.174837959150434,0.697925982710139,0.713413669932842,-0.046566137281404,0.138649684570175,0.0106420799992401,-0.0180291596731592,0.110851682887343,0.0747,0.0006,0.238,0,0,0,0.02009,0.02009,0,0,0
1.97776161047434,-0.371844352701716,-1.41244795382523,0.0475140128952943,0.174393318118464,0.699783536970631,0.714143151097292,-0.0465109420434933,0.138119357430514,0.0102112186643299,-0.0190125522308129,0.111294407088803,0.0747,0.0006,0.238,0,0,0,0.02009,0.02009,0,0,0
1.98759709673779,-0.364719259621634,-1.41229063990226,0.0480481237939582,0.173930384587124,0.701648442538249,0.714875625715804,-0.0464523763147218,0.137588732291969,0.0097525005781393,-0.0199461793242769,0.111728871552829,0.0747,0.0006,0.238,0,0,0,0.02009,0.02009,0,0,0
1.99742685353049,-0.357569297760536,-1.41213965553568,0.0485789276955422,0.173445551597464,0.703519019794124,0.715610786926137,-0.0463903691444732,0.137058204905454,0.0092664083442312,-0.0208288028905926,0.112155115250765,0.0747,0.0006,0.238,0,0,0,0.02009,0.02009,0,0,0
2.00725118305162,-0.350393967836361,-1.41199394915485,0.0491030195867208,0.172943368371839,0.705395794614773,0.716348343710865,-0.0463248001196679,0.136528435046015,0.0087526562040072,-0.0216588889563223,0.112573221350368,0.0747,0.0006,0.238,0,0,0,0.02009,0.02009,0,0,0
2.01707007023704,-0.343193810167016,-1.41185345045721,0.0496188574484461,0.172422653342511,0.707280830150728,0.717088054572277,-0.0462559585939975,0.135999877388047,0.0082119291224005,-0.0224354202593525,0.112983790849706,0.0747,0.0006,0.238,0,0,0,0.02009,0.02009,0,0,0
2.02688358921329,-0.335967017341361,-1.41171788022269,0.0501224236018259,0.171885966609767,0.709169350813633,0.717829601693542,-0.0461837356272728,0.135472828499184,0.0076451910367726,-0.0231577089590712,0.113386846394583,0.0747,0.0006,0.238,0,0,0,0.02009,0.02009,0,0,0
2.03669197264277,-0.328714701267099,-1.41158663723203,0.050618314650452,0.171334039579397,0.711065255422846,0.718572678474986,-0.0461081656814427,0.134947623893881,0.007053290505602,-0.0238251923111944,0.113782451683036,0.0747,0.0006,0.238,0,0,0,0.02009,0.02009,0,0,0
2.04649415951331,-0.321435455127592,-1.41146051412449,0.0511026494546974,0.170764475238062,0.712964729752915,0.719317033501784,-0.046029395229168,0.134424997678649,0.006436188199292,-0.024436498375378,0.114171207399805,0.0747,0.0006,0.238,0,0,0,0.02009,0.02009,0,0,0
2.05629032274479,-0.314130499241757,-1.41133779691161,0.0515763132091589,0.170184729947633,0.714869760035433,0.720062352572267,-0.0459474765330041,0.133905463664789,0.0057945633766915,-0.0249911870261892,0.114553233324405,0.0747,0.0006,0.238,0,0,0,0.02009,0.02009,0,0,0
2.06607986849384,-0.306798272242235,-1.41121807851475,0.0520384352420956,0.169595182653406,0.716778666835176,0.720808395965129,-0.0458624489988914,0.13338935370669,0.0051295287758852,-0.0254890117295929,0.114928919991101,0.0747,0.0006,0.238,0,0,0,0.02009,0.02009,0,0,0
2.0758631260196,-0.299439523722196,-1.411101996171,0.052486230662647,0.168995295504748,0.718692345795199,0.721554875742756,-0.0457743080300232,0.132877343114152,0.0044414260122388,-0.0259293800082635,0.115298379615404,0.0747,0.0006,0.238,0,0,0,0.02009,0.02009,0,0,0
2.08564037000277,-0.292053763191174,-1.41098981896869,0.0529175937535205,0.168385086644716,0.720609600114115,0.722301579025184,-0.0456832159157997,0.132369703194315,0.0037315851561982,-0.0263123813093358,0.115662117218415,0.0747,0.0006,0.238,0,0,0,0.02009,0.02009,0,0,0
2.095411447525,-0.284641390805351,-1.41088062167418,0.0533348674077104,0.167767473890345,0.722531348719633,0.723048268956952,-0.0455893600108012,0.131866987635526,0.0030006287801513,-0.0266377426024831,0.116020585807361,0.0747,0.0006,0.238,0,0,0,0.02009,0.02009,0,0,0
2.10517550035519,-0.277201761422778,-1.41077456962491,0.0537403800000666,0.16714107293949,0.724458282478737,0.723794685929905,-0.045492893295877,0.131369815832117,0.0022491603096838,-0.0269051622679962,0.11637415885817,0.0747,0.0006,0.238,0,0,0,0.02009,0.02009,0,0,0
2.11493327559765,-0.269734968576971,-1.4106702053203,0.0541273429982339,0.16651221408313,0.726389705306727,0.724540598094413,-0.0453938506605265,0.13087851904507,0.0014783430091809,-0.0271151177914642,0.11672290441582,0.0747,0.0006,0.238,0,0,0,0.02009,0.02009,0,0,0
2.12468409068695,-0.262241019548077,-1.41056848723077,0.0545019988064175,0.165880462234493,0.728325145564132,0.725285781031659,-0.0452923507552481,0.130393550639824,0.0006890420684576,-0.027267914147059,0.117067094237006,0.0747,0.0006,0.238,0,0,0,0.02009,0.02009,0,0,0
2.13442803618913,-0.254720362259113,-1.41046969788649,0.0548611003929111,0.165244725185902,0.730264706916778,0.726030019761217,-0.0451883810800357,0.129914970520671,-0.0001166949730087,-0.0273646757445793,0.117406802575998,0.0747,0.0006,0.238,0,0,0,0.02009,0.02009,0,0,0
2.14416367894803,-0.247172166758194,-1.41037172141472,0.0551982764251157,0.164609868618016,0.732207932349891,0.726773137592729,-0.0450819243164695,0.129442913819426,-0.000937167745545,-0.0274064459361826,0.117741921668705,0.0747,0.0006,0.238,0,0,0,0.02009,0.02009,0,0,0
2.15389188865153,-0.239598139713329,-1.41027563437539,0.0555258617046692,0.16397629125701,0.734156923692302,0.727514989266809,-0.0449731169198483,0.12897779100517,-0.0017714830705995,-0.0273938918348204,0.118072814642803,0.0747,0.0006,0.238,0,0,0,0.02009,0.02009,0,0,0
2.16361214588508,-0.231995407008087,-1.41018171290526,0.0558349061474103,0.163343405114407,0.736106896126911,0.72825535493929,-0.0448619776251542,0.128519934782691,-0.0026181982702359,-0.0273279648722652,0.118399470470139,0.0747,0.0006,0.238,0,0,0,0.02009,0.02009,0,0,0
2.17332460687709,-0.224365090379626,-1.41008908290299,0.0561235243744239,0.162713307898904,0.738062443785336,0.728994051067155,-0.044748615933257,0.128069584875013,-0.0034757210528522,-0.0272098261262571,0.118722075759409,0.0747,0.0006,0.238,0,0,0,0.02009,0.02009,0,0,0
2.18302895501927,-0.216708585666424,-1.40999825883568,0.056393780523975,0.162088867773499,0.740022845963595,0.729730947351729,-0.044633152057727,0.127627005027719,-0.0043426144136276,-0.0270408441848039,0.119040741448303,0.0747,0.0006,0.238,0,0,0,0.02009,0.02009,0,0,0
2.19272559865481,-0.209024237826536,-1.40990877023453,0.0566492896123508,0.161469559464944,0.741988872719713,0.730465888900386,-0.0445155509201962,0.127192458950934,-0.0052174309097533,-0.0268223824197544,0.119355443888644,0.0747,0.0006,0.238,0,0,0,0.02009,0.02009,0,0,0
2.20241419483084,-0.20131100776885,-1.40982159718871,0.0568920926847257,0.160855333796494,0.74395824294927,0.731198698227332,-0.0443960307432931,0.126766383664389,-0.0060992349697425,-0.026555572267837,0.1196663965154,0.0747,0.0006,0.238,0,0,0,0.02009,0.02009,0,0,0
2.21209375887347,-0.193569958510719,-1.40973545096607,0.0571174138858091,0.160249265269146,0.745932409279418,0.73192922236712,-0.0442746045116002,0.126348896529107,-0.0069861922650226,-0.026242306696182,0.119973513525135,0.0747,0.0006,0.238,0,0,0,0.02009,0.02009,0,0,0
2.22176530905106,-0.185801007229766,-1.40965066325415,0.0573260203839192,0.159650827134273,0.747910211696922,0.732657264381054,-0.0441512110529839,0.125940300667388,-0.0078768099890492,-0.0258840454134309,0.120276419168018,0.0747,0.0006,0.238,0,0,0,0.02009,0.02009,0,0,0
2.23142861453007,-0.178004468569414,-1.40956641594075,0.0575177385830214,0.159061847639075,0.749895288987642,0.73338269500356,-0.0440258853214575,0.125540699143798,-0.0087695135000268,-0.025482798539879,0.120575047043482,0.0747,0.0006,0.238,0,0,0,0.02009,0.02009,0,0,0
2.24108062865204,-0.170179569231932,-1.40948397514674,0.0576954393287363,0.158480214054461,0.751883478865856,0.73410544176349,-0.0438988967658899,0.125150328377291,-0.0096627874373552,-0.0250403256960818,0.12086961372058,0.0747,0.0006,0.238,0,0,0,0.02009,0.02009,0,0,0
2.2507241136106,-0.162327473103762,-1.40940132496158,0.057850230479994,0.157912126158353,0.753877313528634,0.734825350934776,-0.0437701740499544,0.124769539062548,-0.0105553187069571,-0.0245582570503815,0.121159750267503,0.0747,0.0006,0.238,0,0,0,0.02009,0.02009,0,0,0
2.260357912079,-0.154446077497041,-1.40931940599542,0.0579867163233575,0.15735407214326,0.755874463071343,0.735542311249862,-0.0436398157613912,0.124398539359854,-0.0114454554855539,-0.0240384078092376,0.12144533202714,0.0747,0.0006,0.238,0,0,0,0.02009,0.02009,0,0,0
2.26998243041036,-0.146537224994333,-1.40923854475653,0.0581055136045407,0.156806947044941,0.757875818071501,0.736256264185458,-0.0435078144071051,0.124037562785929,-0.0123316549502174,-0.0234826854339088,0.121726249195648,0.0747,0.0006,0.238,0,0,0,0.02009,0.02009,0,0,0
2.27959762068166,-0.138600403929768,-1.4091581256367,0.0582059113105158,0.156272724479949,0.759882232604377,0.736967136356069,-0.0433741379532378,0.123686813025999,-0.013212536854946,-0.0228931107655202,0.122002249311226,0.0747,0.0006,0.238,0,0,0,0.02009,0.02009,0,0,0
2.28920233042295,-0.130634413653425,-1.40907853091166,0.0582887496443238,0.15575083205406,0.761892474533135,0.737674817803921,-0.0432388633015067,0.123346534837429,-0.014086498145794,-0.0222716732865059,0.122273107105385,0.0747,0.0006,0.238,0,0,0,0.02009,0.02009,0,0,0
2.2987977921052,-0.122639062851098,-1.40900035023302,0.0583600139746124,0.155242117567623,0.763906015785522,0.738379185853477,-0.0431020107326077,0.123016910215231,-0.0149522711420528,-0.0216204093333539,0.122538589743524,0.0747,0.0006,0.238,0,0,0,0.02009,0.02009,0,0,0
2.30838211155503,-0.114615967413155,-1.40892199328413,0.0584079995216443,0.154749788994552,0.765926954598548,0.739080250641193,-0.0429635982338888,0.122698065802831,-0.0158082584336909,-0.0209415500085611,0.122798291300436,0.0747,0.0006,0.238,0,0,0,0.02009,0.02009,0,0,0
2.31795773094692,-0.106564249565459,-1.40884419399955,0.0584441808452917,0.154272921342099,0.767952362935597,0.739777924232898,-0.0428236170162212,0.122390175988256,-0.0166532004222106,-0.0202372299030307,0.123051914118097,0.0747,0.0006,0.238,0,0,0,0.02009,0.02009,0,0,0
2.32752218252765,-0.0984843031715248,-1.40876783482379,0.0584628391717794,0.153810095245751,0.769984203344019,0.740472117482146,-0.042682160475334,0.122093418364617,-0.0174856605660774,-0.0195095409349028,0.123299067537297,0.0747,0.0006,0.238,0,0,0,0.02009,0.02009,0,0,0
2.33707570868328,-0.0903738509711066,-1.40869201336121,0.0584596173592655,0.153363308044158,0.77201823412011,0.741162784877659,-0.0425392815786491,0.121807888052544,-0.0183042233312581,-0.0187606521677612,0.123539493288565,0.0747,0.0006,0.238,0,0,0,0.02009,0.02009,0,0,0
2.34661834878202,-0.0822363852230652,-1.40861634150692,0.0584441122825055,0.152932806099751,0.774060180001681,0.741849912723972,-0.0423949799094296,0.121533728145379,-0.0191074484259684,-0.0179927538906228,0.123772647809893,0.0747,0.0006,0.238,0,0,0,0.02009,0.02009,0,0,0
2.35615063426455,-0.0740691000125959,-1.4085413297428,0.0584125228890206,0.152517557059551,0.776104790248266,0.742533460556414,-0.0422492317670422,0.121270995632309,-0.0198942416368025,-0.017207982112962,0.123998105246597,0.0747,0.0006,0.238,0,0,0,0.02009,0.02009,0,0,0
2.3656716959871,-0.0658743094793063,-1.40846664980729,0.0583673213956877,0.152121512413125,0.778157803962601,0.74321342076025,-0.0421020737597653,0.121019788935369,-0.020663326407179,-0.0164085762730879,0.12421543509877,0.0747,0.0006,0.238,0,0,0,0.02009,0.02009,0,0,0
2.37518179873542,-0.0576505310174578,-1.40839244729829,0.0583036093939026,0.151742779208631,0.780216963098433,0.743889792860037,-0.0419535052816239,0.120780178917649,-0.0214135080723434,-0.0155966802856789,0.124424034175603,0.0747,0.0006,0.238,0,0,0,0.02009,0.02009,0,0,0
2.38467993386906,-0.0493979433256926,-1.40831890841625,0.0582205287108587,0.151381427727475,0.782281346250926,0.744562541148094,-0.0418035458597934,0.120552205400621,-0.0221435396712927,-0.014774445677868,0.124623400430585,0.0747,0.0006,0.238,0,0,0,0.02009,0.02009,0,0,0
2.3941660001713,-0.0411160641207149,-1.40824654448447,0.0581256922571298,0.151035750975198,0.784349128964424,0.745231669414609,-0.0416522138986307,0.120335904537555,-0.0228522464845822,-0.0139439133777794,0.124813051594399,0.0747,0.0006,0.238,0,0,0,0.02009,0.02009,0,0,0
2.40364104220974,-0.0328055130160975,-1.40817463418394,0.0580193291538768,0.150707605023973,0.786422673765568,0.745897166478756,-0.0414994740660732,0.120131343587962,-0.023538760950255,-0.0131071362898146,0.124992390146504,0.0747,0.0006,0.238,0,0,0,0.02009,0.02009,0,0,0
2.41310340745144,-0.024465937657758,-1.40810308457062,0.0578971017874751,0.150396872083786,0.788500538720883,0.746559036874487,-0.0413453990678602,0.119938528448877,-0.0242018910553091,-0.0122662042760932,0.125160943715745,0.0747,0.0006,0.238,0,0,0,0.02009,0.02009,0,0,0
2.42255424013402,-0.0160974970753463,-1.40803341899388,0.0577590937823231,0.150100842130238,0.790584914289741,0.74721729415371,-0.0411899728883129,0.119757484745506,-0.0248404108133688,-0.0114230226093326,0.12531815263356,0.0747,0.0006,0.238,0,0,0,0.02009,0.02009,0,0,0
2.4319928598282,-0.0077003789858181,-1.40796377540368,0.0576105314071318,0.149822329718726,0.792674240812096,0.747872016419429,-0.0410331723674066,0.11958813322281,-0.0254535796097529,-0.0105795919636375,0.125463397266715,0.0747,0.0006,0.238,0,0,0,0.02009,0.02009,0,0,0
2.44141888128574,0.000726381071617,-1.40789497106582,0.0574530890734597,0.149560726102371,0.794768892144054,0.74852324278232,-0.0408750186453586,0.119430455358687,-0.026040678996758,-0.0097377870724125,0.125596058171607,0.0747,0.0006,0.238,0,0,0,0.02009,0.02009,0,0,0
2.4508320725546,0.0091818776229936,-1.40782716852659,0.0572795971408351,0.149315636980977,0.796868122477371,0.749171033780811,-0.0407154862446782,0.119284355704284,-0.0266004575785591,-0.0088994366090391,0.125715543948992,0.0747,0.0006,0.238,0,0,0,0.02009,0.02009,0,0,0
2.46023272884097,0.0176666786810082,-1.40776034714966,0.0571052591723508,0.149085932221714,0.798970272751229,0.74981542803284,-0.0405546008182485,0.119149792246971,-0.027132898326644,-0.0080662742320741,0.125821353670279,0.0747,0.0006,0.238,0,0,0,0.02009,0.02009,0,0,0
2.46962004702119,0.0261797554424763,-1.40769415099378,0.0569172045524965,0.148872736027511,0.801078935888291,0.750456486825385,-0.0403923534692789,0.119026660502032,-0.0276371054622789,-0.0072400846497456,0.125912763831102,0.0747,0.0006,0.238,0,0,0,0.02009,0.02009,0,0,0
2.47899455117515,0.0347225276670776,-1.40762848205154,0.0567244899989041,0.148674665252118,0.803191978743408,0.75109432877496,-0.0402287587495839,0.118914866141019,-0.0281129917095036,-0.0064224727904143,0.125989230079919,0.0747,0.0006,0.238,0,0,0,0.02009,0.02009,0,0,0
2.4883556142832,0.0432949176562455,-1.40756399465955,0.0565229636770489,0.148493144831963,0.805306559265406,0.751728980080195,-0.0400637950766956,0.118814254201776,-0.0285599166519541,-0.0056151205232384,0.126050163602127,0.0747,0.0006,0.238,0,0,0,0.02009,0.02009,0,0,0
2.49770338879512,0.0518969886993975,-1.40750015036401,0.0563080617041683,0.14832571793693,0.807426155205728,0.752360524813955,-0.0398973967573513,0.118724668016593,-0.0289777268642744,-0.0048194648116692,0.126094963506782,0.0747,0.0006,0.238,0,0,0,0.02009,0.02009,0,0,0
2.50703768356803,0.0605282612388841,-1.40743760749679,0.0560931902240803,0.148172459541448,0.80954860101834,0.752989024564097,-0.0397295838423057,0.118645946475659,-0.0293658791728557,-0.0040370008435252,0.126122879624278,0.0747,0.0006,0.238,0,0,0,0.02009,0.02009,0,0,0
2.51635865038164,0.0691886376451616,-1.40737655845026,0.0558682556122606,0.148030014849637,0.811676367853487,0.753614573492709,-0.039560289580977,0.118577953733778,-0.0297241552632119,-0.0032689421761747,0.126133287704769,0.0747,0.0006,0.238,0,0,0,0.02009,0.02009,0,0,0
2.52566592147014,0.0778787029851117,-1.40731547961811,0.0556424603960332,0.147903563332646,0.813805187943419,0.754237239473936,-0.0393895287566181,0.118520473278341,-0.0300527333329419,-0.0025167080212187,0.126125485252268,0.0747,0.0006,0.238,0,0,0,0.02009,0.02009,0,0,0
2.53495840542106,0.0865983549688888,-1.40725601661083,0.0554105282650109,0.147789688603254,0.815935117487408,0.754857125517373,-0.039217272319105,0.118473268191063,-0.0303513576236504,-0.0017815122371702,0.126099065679673,0.0747,0.0006,0.238,0,0,0,0.02009,0.02009,0,0,0
2.54423738363604,0.0953467156258654,-1.40719620741114,0.0551741547184125,0.147689266606066,0.818068203908398,0.75547438351182,-0.0390434815048272,0.118436161883493,-0.0306202512301046,-0.001064402983857,0.126053223549818,0.0747,0.0006,0.238,0,0,0,0.02009,0.02009,0,0,0
2.55350194446936,0.104124863783157,-1.40713761688793,0.0549356032089341,0.147601118418144,0.820203099251928,0.756089118814178,-0.0388681317321304,0.118408916282689,-0.0308595135409538,-0.0003664495467441,0.125987303239585,0.0747,0.0006,0.238,0,0,0,0.02009,0.02009,0,0,0
2.56275232350556,0.112932075451545,-1.40707980565282,0.0546942630004516,0.147523517677418,0.822337286563265,0.756701366314832,-0.0386911423140769,0.118391286354797,-0.0310694451709897,0.0003113658799725,0.12590090610852,0.0747,0.0006,0.238,0,0,0,0.02009,0.02009,0,0,0
2.57198686833766,0.121768862901478,-1.40702174975943,0.0544401679083289,0.147458436082295,0.824472532627159,0.757311305946485,-0.0385124683216,0.118382980877063,-0.0312499906073099,0.0009681657347885,0.125793477925822,0.0747,0.0006,0.238,0,0,0,0.02009,0.02009,0,0,0
2.58120745811522,0.130634721268609,-1.40696559432199,0.0541955929809954,0.147404393952037,0.826608512244633,0.757919062257098,-0.0383320649792419,0.118383708343604,-0.0314017056474594,0.0016031346977839,0.125664407346852,0.0747,0.0006,0.238,0,0,0,0.02009,0.02009,0,0,0
2.59041468856085,0.139530939345542,-1.4069108326473,0.0539517762529384,0.147361951061472,0.828743230683446,0.758524706628878,-0.038149887058552,0.118393243535249,-0.0315248247637596,0.0022154304123526,0.125513131210046,0.0747,0.0006,0.238,0,0,0,0.02009,0.02009,0,0,0
2.59960475804217,0.148455735239438,-1.40685514544172,0.0537115595658014,0.14733024790719,0.830875253213192,0.759128396756193,-0.0379659072466933,0.118411268437695,-0.0316199794037198,0.0028044680900662,0.125339270679259,0.0747,0.0006,0.238,0,0,0,0.02009,0.02009,0,0,0
2.60878113525959,0.157411010333274,-1.40680124612943,0.0534622126140977,0.147309006559844,0.833005417769217,0.759730213809264,-0.0377800961794405,0.118437517368227,-0.031687250910181,0.0033695544163981,0.125142262533082,0.0747,0.0006,0.238,0,0,0,0.02009,0.02009,0,0,0
2.61794185532912,0.166395312910295,-1.40674787721994,0.0532189003284305,0.14729683373826,0.835131970771066,0.760330285490794,-0.0375923965552218,0.118471645945611,-0.0317273109589486,0.0039101355825294,0.124921779127417,0.0747,0.0006,0.238,0,0,0,0.02009,0.02009,0,0,0
2.62708685311233,0.175409593369776,-1.40669354379928,0.0529684220041284,0.147295410226782,0.837256155561032,0.760928760532035,-0.0374027698977465,0.118513339385419,-0.0317406976086699,0.0044258493868562,0.124677285785059,0.0747,0.0006,0.238,0,0,0,0.02009,0.02009,0,0,0
2.63621751528831,0.184451390533289,-1.40664041723556,0.0527284979867746,0.147301278414438,0.839376249505786,0.761525794533748,-0.0372111436356419,0.118562341123294,-0.0317281722595545,0.0049163777392531,0.1244083622171,0.0747,0.0006,0.238,0,0,0,0.02009,0.02009,0,0,0
2.64533166361186,0.193523540494243,-1.40658695810767,0.0524903486209346,0.14731574425759,0.841493707038969,0.762121480414343,-0.0370174330097069,0.118618298408455,-0.0316906938047554,0.005381463204675,0.12411459993024,0.0747,0.0006,0.238,0,0,0,0.02009,0.02009,0,0,0
2.6544307416631,0.202626548575459,-1.40653479431191,0.0522496792705701,0.147336958919558,0.843604250243807,0.762715905149158,-0.0368216289432309,0.118680920249219,-0.0316290084513441,0.0058209916085235,0.123795686940269,0.0747,0.0006,0.238,0,0,0,0.02009,0.02009,0,0,0
2.66351591053228,0.211757004604882,-1.40648270668313,0.0520185905346805,0.147364080407412,0.845712589058081,0.763309256881521,-0.0366235957958524,0.118749905013126,-0.0315439455303675,0.0062347931613038,0.123451089403,0.0747,0.0006,0.238,0,0,0,0.02009,0.02009,0,0,0
2.67258478234124,0.220917654769881,-1.40643112875532,0.0517849107801934,0.147398691363248,0.847813408260366,0.763901580819742,-0.0364233028956703,0.118824894550891,-0.0314363461997947,0.0066229093822024,0.123080754381347,0.0747,0.0006,0.238,0,0,0,0.02009,0.02009,0,0,0
2.68163845365141,0.230106497191223,-1.40637946596468,0.0515619840617757,0.147438831895196,0.849909736773089,0.764493033343763,-0.0362206175044403,0.118905497095487,-0.0313072542439575,0.0069854502726114,0.122684300443488,0.0747,0.0006,0.238,0,0,0,0.02009,0.02009,0,0,0
2.69067663245585,0.239323803184119,-1.40632773038265,0.0513401226040456,0.147484151580538,0.851999480540579,0.765083785208156,-0.0360154744871279,0.118991481658216,-0.0311575416396555,0.0073225385693324,0.122261491915209,0.0747,0.0006,0.238,0,0,0,0.02009,0.02009,0,0,0
2.69969901090259,0.248570446754162,-1.40627669609794,0.0511163490161287,0.147534114012513,0.854083256846514,0.765673904722597,-0.0358077601589543,0.119082461158853,-0.0309881241774607,0.0076344388580359,0.121812088243218,0.0747,0.0006,0.238,0,0,0,0.02009,0.02009,0,0,0
2.70870447225231,0.257845520966319,-1.40622509681336,0.0509038550856508,0.14758935560404,0.856161061529453,0.766263611979201,-0.0355974370535542,0.119178112176466,-0.0308000234934305,0.0079213671774538,0.121335771402225,0.0747,0.0006,0.238,0,0,0,0.02009,0.02009,0,0,0
2.7176952323702,0.267150516653651,-1.40617516150339,0.050685828888378,0.147646009670672,0.858230246903307,0.766852918140863,-0.0353844294906515,0.119278113745571,-0.0305942566210401,0.0081838214711314,0.120832534395429,0.0747,0.0006,0.238,0,0,0,0.02009,0.02009,0,0,0
2.72667067552712,0.276483596629468,-1.40612564355493,0.0504712069224889,0.147705954674923,0.860291287583353,0.767441914804196,-0.0351685987122431,0.11938213092386,-0.0303716779108182,0.0084221326714643,0.120302191669659,0.0747,0.0006,0.238,0,0,0,0.02009,0.02009,0,0,0
2.73563062767967,0.285845671345441,-1.40607559790916,0.0502644624221917,0.14777109935094,0.862344123149302,0.768030766423838,-0.0349498577706947,0.119489764171541,-0.030133591663131,0.0086367442116402,0.119744658756691,0.0747,0.0006,0.238,0,0,0,0.02009,0.02009,0,0,0
2.74457380382397,0.295235059561176,-1.406026156304,0.0500620767451672,0.147835892843107,0.864388832140127,0.768619558667971,-0.0347281753950623,0.11960074684102,-0.0298810155412887,0.008828218023069,0.119159814435741,0.0747,0.0006,0.238,0,0,0,0.02009,0.02009,0,0,0
2.75350101158778,0.304653680006045,-1.4059766631685,0.0498637645867878,0.147903012037666,0.866421465854604,0.769208441595635,-0.0345034925078758,0.119714736802167,-0.0296150889021615,0.0089971161482953,0.118547699331453,0.0747,0.0006,0.238,0,0,0,0.02009,0.02009,0,0,0
2.76241329157871,0.314100889770007,-1.4059256847923,0.049673402356271,0.147974628521001,0.868445453074791,0.769797487605288,-0.0342757109898988,0.119831274598072,-0.0293372129122403,0.009144025428775,0.117908332935384,0.0747,0.0006,0.238,0,0,0,0.02009,0.02009,0,0,0
2.7713094135577,0.323576314129531,-1.40587557818979,0.0494900708672384,0.148045557581342,0.870457995668566,0.770386604888099,-0.0340460934665097,0.119950260721416,-0.0290477149536313,0.0092699388489289,0.11724160003682,0.0747,0.0006,0.238,0,0,0,0.02009,0.02009,0,0,0
2.78018901680228,0.333079271320251,-1.40582496448598,0.049309395997216,0.148117828912113,0.872461844019306,0.770975958986163,-0.033814290762026,0.120071289727749,-0.028747809279649,0.0093754805328413,0.116547549712161,0.0747,0.0006,0.238,0,0,0,0.02009,0.02009,0,0,0
2.78905344019447,0.342611596830994,-1.40577465327859,0.0491316230622797,0.148189823967342,0.874451224995334,0.771565641066153,-0.0335799491372751,0.120193970035758,-0.0284387547931616,0.0094613405984286,0.115826417999641,0.0747,0.0006,0.238,0,0,0,0.02009,0.02009,0,0,0
2.79790177689498,0.352170938584779,-1.40572383610852,0.0489552826488477,0.148261703295695,0.876427192830452,0.772155821800555,-0.0333427188851113,0.120317930626916,-0.0281217660521511,0.0095282510804055,0.115078416563212,0.0747,0.0006,0.238,0,0,0,0.02009,0.02009,0,0,0
2.8067350781117,0.361758772899715,-1.4056729772678,0.0487872722391864,0.148334859583382,0.878390551881603,0.772746604327028,-0.0331023510254557,0.120442812119798,-0.0277982350696712,0.0095769342754673,0.114303762555216,0.0747,0.0006,0.238,0,0,0,0.02009,0.02009,0,0,0
2.81555191732373,0.371374631458296,-1.40562176945361,0.0486186942175133,0.148407430871625,0.880339960159896,0.773338130514941,-0.0328585567282061,0.120568193588929,-0.027469302723562,0.0096080995675333,0.113502723954128,0.0747,0.0006,0.238,0,0,0,0.02009,0.02009,0,0,0
2.82435328122528,0.381017973504295,-1.4055712528453,0.0484572146279078,0.148478259021154,0.882275905133744,0.773930521180757,-0.0326110600103135,0.120693727375902,-0.0271362571058105,0.0096226025769394,0.112675594167036,0.0747,0.0006,0.238,0,0,0,0.02009,0.02009,0,0,0
2.83313971474419,0.390687797848704,-1.40551990523213,0.0483040385008839,0.14854781014796,0.884197221566234,0.774523922336106,-0.0323595940651156,0.120818998944646,-0.0268005849209639,0.0096212615362301,0.111822682342127,0.0747,0.0006,0.238,0,0,0,0.02009,0.02009,0,0,0
2.84191050482908,0.400385930478373,-1.40546912562662,0.0481465362555788,0.148616470912204,0.886103004772676,0.77511842417185,-0.0321039178946315,0.120943686165909,-0.0264631992704073,0.0096048620023497,0.110944362115534,0.0747,0.0006,0.238,0,0,0,0.02009,0.02009,0,0,0
2.8506651346399,0.410111350036527,-1.40541698765146,0.0479982860327245,0.148683830653387,0.887993465055703,0.775714163031785,-0.0318438520674276,0.121067356482198,-0.0261254800195904,0.0095741991514541,0.110040989200005,0.0747,0.0006,0.238,0,0,0,0.02009,0.02009,0,0,0
2.8594043509837,0.419864391807945,-1.40536514852508,0.0478572171334734,0.148750395679627,0.889868269339962,0.776311241528278,-0.0315792602001641,0.121189688565231,-0.0257886600768728,0.009530109119545,0.109112974100284,0.0747,0.0006,0.238,0,0,0,0.02009,0.02009,0,0,0
2.86812836280827,0.429643888127566,-1.40531314943195,0.0477201234806757,0.148815480290612,0.891726718136675,0.776909768609514,-0.0313099805576327,0.121310313333809,-0.0254538251348435,0.0094733717855249,0.108160742046192,0.0747,0.0006,0.238,0,0,0,0.02009,0.02009,0,0,0
2.87683663318639,0.439450888772451,-1.40526030089931,0.047582422759306,0.148880310375414,0.893568028148604,0.777509840900231,-0.0310359279500914,0.121428857263214,-0.0251219287775713,0.0094047528589928,0.107184761687059,0.0747,0.0006,0.238,0,0,0,0.02009,0.02009,0,0,0
2.88552930344359,0.449285252951104,-1.40520775587072,0.0474500476985217,0.148942210661266,0.895391452394075,0.778111537221914,-0.0307569738048298,0.121544999527269,-0.0247940992710212,0.0093250921144893,0.106185573191556,0.0747,0.0006,0.238,0,0,0,0.02009,0.02009,0,0,0
2.89420700052397,0.459146648865153,-1.40515491303121,0.0473187403405389,0.149003044494333,0.897195894961102,0.778714942370586,-0.030473129014107,0.121658416562852,-0.0244713541729867,0.0092351478952548,0.105163688303049,0.0747,0.0006,0.238,0,0,0,0.02009,0.02009,0,0,0
2.90286960423206,0.469034386925964,-1.40510231369625,0.0471934648888006,0.14906219424944,0.898984054753597,0.779320150632688,-0.0301843207565143,0.121768777814341,-0.0241547457597133,0.0091356943626664,0.104119605834771,0.0747,0.0006,0.238,0,0,0,0.02009,0.02009,0,0,0
2.91151702924654,0.478949463541325,-1.40505015833942,0.0470610628125456,0.149119304496419,0.900752585543074,0.779927225643797,-0.0298904997311759,0.121875810361143,-0.0238449429283214,0.0090274295644943,0.103053879455418,0.0747,0.0006,0.238,0,0,0,0.02009,0.02009,0,0,0
